"Site","TIMESTAMP","H2O_ppm","CO2d_ppm","CH4d_ppb","Cavity_pressure","Cavity_temperature"
"DOCK",2026-03-10 16:29:45,NA,NA,NA,NA,NA
"DOCK",2026-03-10 16:30:00,NA,NA,NA,NA,NA
"DOCK",2026-03-10 16:30:15,NA,NA,NA,NA,NA
"DOCK",2026-03-10 16:30:30,NA,NA,NA,NA,NA
"DOCK",2026-03-10 16:30:45,NA,NA,NA,NA,NA
"DOCK",2026-03-12 12:01:00,NA,NA,NA,NA,NA
"DOCK",2026-03-12 14:10:30,NA,NA,NA,NA,NA
"DOCK",2026-03-12 14:12:45,NA,NA,NA,NA,NA
"DOCK",2026-03-12 14:27:30,NA,NA,NA,NA,NA
"DOCK",2026-03-12 14:27:45,NA,NA,NA,NA,NA
"DOCK",2026-03-12 14:28:00,NA,NA,NA,NA,NA
"DOCK",2026-03-12 14:28:15,NA,NA,NA,NA,NA
"DOCK",2026-03-12 14:28:30,NA,NA,NA,NA,NA
"DOCK",2026-03-12 14:28:45,NA,NA,NA,NA,NA
"DOCK",2026-03-12 14:29:00,NA,NA,NA,NA,NA
"DOCK",2026-03-12 14:29:15,NA,NA,NA,NA,NA
"DOCK",2026-03-12 14:29:30,NA,NA,NA,NA,NA
"DOCK",2026-03-12 14:29:45,NA,NA,NA,NA,NA
"DOCK",2026-03-12 14:30:00,NA,NA,NA,NA,NA
"DOCK",2026-03-12 14:30:15,NA,NA,NA,NA,NA
"DOCK",2026-03-12 14:30:30,NA,NA,NA,NA,NA
"DOCK",2026-03-12 14:30:45,NA,NA,NA,NA,NA
"DOCK",2026-03-12 14:31:00,NA,NA,NA,NA,NA
"DOCK",2026-03-12 14:31:15,NA,NA,NA,NA,NA
"DOCK",2026-03-12 14:31:30,NA,NA,NA,NA,NA
"DOCK",2026-03-12 14:31:45,NA,NA,NA,NA,NA
"DOCK",2026-03-12 14:32:00,NA,NA,NA,NA,NA
"DOCK",2026-03-12 14:32:15,NA,NA,NA,NA,NA
"DOCK",2026-03-12 14:32:30,NA,NA,NA,NA,NA
"DOCK",2026-03-12 14:32:45,NA,NA,NA,NA,NA
"DOCK",2026-03-12 14:33:00,NA,NA,NA,NA,NA
"DOCK",2026-03-12 14:33:15,NA,NA,NA,NA,NA
"DOCK",2026-03-12 14:33:30,NA,NA,NA,NA,NA
"DOCK",2026-03-12 14:33:45,NA,NA,NA,NA,NA
"DOCK",2026-03-12 14:34:00,NA,NA,NA,NA,NA
"DOCK",2026-03-12 14:34:15,NA,NA,NA,NA,NA
"DOCK",2026-03-12 14:34:30,NA,NA,NA,NA,NA
"DOCK",2026-03-12 14:34:45,NA,NA,NA,NA,NA
"DOCK",2026-03-12 14:35:00,NA,NA,NA,NA,NA
"DOCK",2026-03-12 14:35:15,NA,NA,NA,NA,NA
"DOCK",2026-03-12 14:35:30,NA,NA,NA,NA,NA
"DOCK",2026-03-12 14:35:45,NA,NA,NA,NA,NA
"DOCK",2026-03-12 14:36:00,NA,NA,NA,NA,NA
"DOCK",2026-03-12 14:36:15,NA,NA,NA,NA,NA
"DOCK",2026-03-12 14:36:30,NA,NA,NA,NA,NA
"DOCK",2026-03-12 14:36:45,NA,NA,NA,NA,NA
"DOCK",2026-03-12 14:37:00,NA,NA,NA,NA,NA
"DOCK",2026-03-12 14:37:15,NA,NA,NA,NA,NA
"DOCK",2026-03-12 14:37:30,NA,NA,NA,NA,NA
"DOCK",2026-03-12 14:37:45,NA,NA,NA,NA,NA
"DOCK",2026-03-12 14:38:00,NA,NA,NA,NA,NA
"DOCK",2026-03-12 14:38:15,NA,NA,NA,NA,NA
"DOCK",2026-03-12 14:38:30,NA,NA,NA,NA,NA
"DOCK",2026-03-12 14:38:45,NA,NA,NA,NA,NA
"DOCK",2026-03-12 14:39:00,NA,NA,NA,NA,NA
"DOCK",2026-03-12 14:39:15,NA,NA,NA,NA,NA
"DOCK",2026-03-12 14:39:30,NA,NA,NA,NA,NA
"DOCK",2026-03-12 14:39:45,NA,NA,NA,NA,NA
"DOCK",2026-03-12 14:40:00,NA,NA,NA,NA,NA
"DOCK",2026-03-12 14:40:15,NA,NA,NA,NA,NA
"DOCK",2026-03-12 14:40:30,NA,NA,NA,NA,NA
"DOCK",2026-03-12 14:40:45,NA,NA,NA,NA,NA
"DOCK",2026-03-12 14:41:00,NA,NA,NA,NA,NA
"DOCK",2026-03-12 14:41:15,NA,NA,NA,NA,NA
"DOCK",2026-03-12 14:41:30,NA,NA,NA,NA,NA
"DOCK",2026-03-12 14:41:45,NA,NA,NA,NA,NA
"DOCK",2026-03-12 14:42:00,NA,NA,NA,NA,NA
"DOCK",2026-03-12 14:42:15,NA,NA,NA,NA,NA
"DOCK",2026-03-12 14:42:30,NA,NA,NA,NA,NA
"DOCK",2026-03-12 14:42:45,NA,NA,NA,NA,NA
"DOCK",2026-03-12 14:43:00,NA,NA,NA,NA,NA
"DOCK",2026-03-12 14:43:15,NA,NA,NA,NA,NA
"DOCK",2026-03-12 14:43:30,NA,NA,NA,NA,NA
"DOCK",2026-03-12 14:43:45,NA,NA,NA,NA,NA
"DOCK",2026-03-12 14:44:00,NA,NA,NA,NA,NA
"DOCK",2026-03-12 14:44:15,NA,NA,NA,NA,NA
"DOCK",2026-03-12 14:44:30,NA,NA,NA,NA,NA
"DOCK",2026-03-12 14:44:45,NA,NA,NA,NA,NA
"DOCK",2026-03-12 14:45:00,NA,NA,NA,NA,NA
"DOCK",2026-03-12 14:45:15,NA,NA,NA,NA,NA
"DOCK",2026-03-12 14:45:30,NA,NA,NA,NA,NA
"DOCK",2026-03-12 14:45:45,NA,NA,NA,NA,NA
"DOCK",2026-03-12 14:46:00,NA,NA,NA,NA,NA
"DOCK",2026-03-12 14:46:15,NA,NA,NA,NA,NA
"DOCK",2026-03-12 14:46:30,NA,NA,NA,NA,NA
"DOCK",2026-03-12 14:46:45,NA,NA,NA,NA,NA
"DOCK",2026-03-12 14:47:00,NA,NA,NA,NA,NA
"DOCK",2026-03-12 14:47:15,NA,NA,NA,NA,NA
"DOCK",2026-03-12 14:47:30,NA,NA,NA,NA,NA
"DOCK",2026-03-12 14:47:45,NA,NA,NA,NA,NA
"DOCK",2026-03-12 14:48:00,NA,NA,NA,NA,NA
"DOCK",2026-03-12 14:48:15,NA,NA,NA,NA,NA
"DOCK",2026-03-12 14:48:30,NA,NA,NA,NA,NA
"DOCK",2026-03-12 14:48:45,NA,NA,NA,NA,NA
"DOCK",2026-03-12 14:49:00,NA,NA,NA,NA,NA
"DOCK",2026-03-12 14:49:15,NA,NA,NA,NA,NA
"DOCK",2026-03-12 14:49:30,NA,NA,NA,NA,NA
"DOCK",2026-03-12 14:49:45,NA,NA,NA,NA,NA
"DOCK",2026-03-12 14:50:00,NA,NA,NA,NA,NA
"DOCK",2026-03-12 14:50:15,NA,NA,NA,NA,NA
"DOCK",2026-03-12 14:50:30,NA,NA,NA,NA,NA
"DOCK",2026-03-12 14:50:45,NA,NA,NA,NA,NA
"DOCK",2026-03-12 14:51:00,NA,NA,NA,NA,NA
"DOCK",2026-03-12 14:51:15,NA,NA,NA,NA,NA
"DOCK",2026-03-12 14:51:30,NA,NA,NA,NA,NA
"DOCK",2026-03-12 14:51:45,NA,NA,NA,NA,NA
"DOCK",2026-03-12 14:52:00,NA,NA,NA,NA,NA
"DOCK",2026-03-12 14:52:15,NA,NA,NA,NA,NA
"DOCK",2026-03-12 14:52:30,NA,NA,NA,NA,NA
"DOCK",2026-03-12 14:52:45,NA,NA,NA,NA,NA
"DOCK",2026-03-12 14:53:00,NA,NA,NA,NA,NA
"DOCK",2026-03-12 14:53:15,NA,NA,NA,NA,NA
"DOCK",2026-03-12 14:53:30,NA,NA,NA,NA,NA
"DOCK",2026-03-12 14:53:45,NA,NA,NA,NA,NA
"DOCK",2026-03-12 14:54:00,NA,NA,NA,NA,NA
"DOCK",2026-03-12 14:54:15,NA,NA,NA,NA,NA
"DOCK",2026-03-12 14:54:30,NA,NA,NA,NA,NA
"DOCK",2026-03-12 14:54:45,NA,NA,NA,NA,NA
"DOCK",2026-03-12 14:55:00,NA,NA,NA,NA,NA
"DOCK",2026-03-12 14:55:15,NA,NA,NA,NA,NA
"DOCK",2026-03-12 14:55:30,NA,NA,NA,NA,NA
"DOCK",2026-03-12 14:55:45,NA,NA,NA,NA,NA
"DOCK",2026-03-12 14:56:00,NA,NA,NA,NA,NA
"DOCK",2026-03-12 14:56:15,NA,NA,NA,NA,NA
"DOCK",2026-03-12 14:56:30,NA,NA,NA,NA,NA
"DOCK",2026-03-12 14:56:45,NA,NA,NA,NA,NA
"DOCK",2026-03-12 14:57:00,NA,NA,NA,NA,NA
"DOCK",2026-03-12 14:57:15,NA,NA,NA,NA,NA
"DOCK",2026-03-12 14:57:30,NA,NA,NA,NA,NA
"DOCK",2026-03-12 14:57:45,NA,NA,NA,NA,NA
"DOCK",2026-03-12 14:58:00,NA,NA,NA,NA,NA
"DOCK",2026-03-12 14:58:15,NA,NA,NA,NA,NA
"DOCK",2026-03-12 14:58:30,NA,NA,NA,NA,NA
"DOCK",2026-03-12 14:58:45,NA,NA,NA,NA,NA
"DOCK",2026-03-12 14:59:00,NA,NA,NA,NA,NA
"DOCK",2026-03-12 14:59:15,NA,NA,NA,NA,NA
"DOCK",2026-03-12 14:59:30,NA,NA,NA,NA,NA
"DOCK",2026-03-12 14:59:45,NA,NA,NA,NA,NA
"DOCK",2026-03-12 15:00:00,NA,NA,NA,NA,NA
"DOCK",2026-03-12 15:00:15,NA,NA,NA,NA,NA
"DOCK",2026-03-12 15:00:30,NA,NA,NA,NA,NA
"DOCK",2026-03-12 15:00:45,NA,NA,NA,NA,NA
"DOCK",2026-03-12 15:01:00,NA,NA,NA,NA,NA
"DOCK",2026-03-12 15:01:15,NA,NA,NA,NA,NA
"DOCK",2026-03-12 15:01:30,NA,NA,NA,NA,NA
"DOCK",2026-03-12 15:01:45,NA,NA,NA,NA,NA
"DOCK",2026-03-12 15:02:00,NA,NA,NA,NA,NA
"DOCK",2026-03-12 15:02:15,NA,NA,NA,NA,NA
"DOCK",2026-03-12 15:02:30,NA,NA,NA,NA,NA
"DOCK",2026-03-12 15:02:45,NA,NA,NA,NA,NA
"DOCK",2026-03-12 15:03:00,NA,NA,NA,NA,NA
"DOCK",2026-03-12 15:03:15,NA,NA,NA,NA,NA
"DOCK",2026-03-12 15:03:30,NA,NA,NA,NA,NA
"DOCK",2026-03-12 15:03:45,NA,NA,NA,NA,NA
"DOCK",2026-03-12 15:04:00,NA,NA,NA,NA,NA
"DOCK",2026-03-12 15:04:15,NA,NA,NA,NA,NA
"DOCK",2026-03-12 15:04:30,NA,NA,NA,NA,NA
"DOCK",2026-03-12 15:04:45,NA,NA,NA,NA,NA
"DOCK",2026-03-12 15:05:00,NA,NA,NA,NA,NA
"DOCK",2026-03-12 15:05:15,NA,NA,NA,NA,NA
"DOCK",2026-03-12 15:05:30,NA,NA,NA,NA,NA
"DOCK",2026-03-12 15:05:45,NA,NA,NA,NA,NA
"DOCK",2026-03-12 15:06:00,NA,NA,NA,NA,NA
"DOCK",2026-03-12 15:06:15,NA,NA,NA,NA,NA
"DOCK",2026-03-12 15:06:30,NA,NA,NA,NA,NA
"DOCK",2026-03-12 15:06:45,NA,NA,NA,NA,NA
"DOCK",2026-03-12 15:07:00,NA,NA,NA,NA,NA
"DOCK",2026-03-12 15:07:15,NA,NA,NA,NA,NA
"DOCK",2026-03-12 15:07:30,NA,NA,NA,NA,NA
"DOCK",2026-03-12 15:07:45,NA,NA,NA,NA,NA
"DOCK",2026-03-12 15:08:00,NA,NA,NA,NA,NA
"DOCK",2026-03-12 15:08:15,NA,NA,NA,NA,NA
"DOCK",2026-03-12 15:08:30,NA,NA,NA,NA,NA
"DOCK",2026-03-12 15:08:45,NA,NA,NA,NA,NA
"DOCK",2026-03-12 15:09:00,NA,NA,NA,NA,NA
"DOCK",2026-03-12 15:09:15,NA,NA,NA,NA,NA
"DOCK",2026-03-12 15:09:30,NA,NA,NA,NA,NA
"DOCK",2026-03-12 15:09:45,NA,NA,NA,NA,NA
"DOCK",2026-03-12 15:10:00,NA,NA,NA,NA,NA
"DOCK",2026-03-12 15:10:15,NA,NA,NA,NA,NA
"DOCK",2026-03-12 15:10:30,NA,NA,NA,NA,NA
"DOCK",2026-03-12 15:10:45,NA,NA,NA,NA,NA
"DOCK",2026-03-12 15:11:00,NA,NA,NA,NA,NA
"DOCK",2026-03-12 15:11:15,NA,NA,NA,NA,NA
"DOCK",2026-03-12 15:11:30,NA,NA,NA,NA,NA
"DOCK",2026-03-12 15:11:45,NA,NA,NA,NA,NA
"DOCK",2026-03-12 15:12:00,NA,NA,NA,NA,NA
"DOCK",2026-03-12 15:12:15,NA,NA,NA,NA,NA
"DOCK",2026-03-12 15:12:30,NA,NA,NA,NA,NA
"DOCK",2026-03-12 15:12:45,NA,NA,NA,NA,NA
"DOCK",2026-03-12 15:13:00,NA,NA,NA,NA,NA
"DOCK",2026-03-12 15:13:15,NA,NA,NA,NA,NA
"DOCK",2026-03-12 15:13:30,NA,NA,NA,NA,NA
"DOCK",2026-03-12 15:13:45,NA,NA,NA,NA,NA
"DOCK",2026-03-12 15:14:00,NA,NA,NA,NA,NA
"DOCK",2026-03-12 15:14:15,NA,NA,NA,NA,NA
"DOCK",2026-03-12 15:14:30,NA,NA,NA,NA,NA
"DOCK",2026-03-12 15:14:45,NA,NA,NA,NA,NA
"DOCK",2026-03-12 15:15:00,NA,NA,NA,NA,NA
"DOCK",2026-03-12 15:15:15,NA,NA,NA,NA,NA
"DOCK",2026-03-12 15:15:30,NA,NA,NA,NA,NA
"DOCK",2026-03-12 15:15:45,NA,NA,NA,NA,NA
"DOCK",2026-03-12 15:16:00,NA,NA,NA,NA,NA
"DOCK",2026-03-12 15:16:15,NA,NA,NA,NA,NA
"DOCK",2026-03-12 15:16:30,NA,NA,NA,NA,NA
"DOCK",2026-03-12 15:16:45,NA,NA,NA,NA,NA
"DOCK",2026-03-12 15:17:00,NA,NA,NA,NA,NA
"DOCK",2026-03-12 15:17:15,NA,NA,NA,NA,NA
"DOCK",2026-03-12 15:17:30,NA,NA,NA,NA,NA
"DOCK",2026-03-12 15:17:45,NA,NA,NA,NA,NA
"DOCK",2026-03-12 15:18:00,NA,NA,NA,NA,NA
"DOCK",2026-03-12 15:18:15,NA,NA,NA,NA,NA
"DOCK",2026-03-12 15:18:30,NA,NA,NA,NA,NA
"DOCK",2026-03-12 15:18:45,NA,NA,NA,NA,NA
"DOCK",2026-03-12 15:19:00,NA,NA,NA,NA,NA
"DOCK",2026-03-12 15:19:15,NA,NA,NA,NA,NA
"DOCK",2026-03-12 15:19:30,NA,NA,NA,NA,NA
"DOCK",2026-03-12 15:19:45,NA,NA,NA,NA,NA
"DOCK",2026-03-12 15:20:00,NA,NA,NA,NA,NA
"DOCK",2026-03-12 15:20:15,NA,NA,NA,NA,NA
"DOCK",2026-03-12 15:20:30,NA,NA,NA,NA,NA
"DOCK",2026-03-12 15:20:45,NA,NA,NA,NA,NA
"DOCK",2026-03-12 15:21:00,NA,NA,NA,NA,NA
"DOCK",2026-03-12 15:21:15,NA,NA,NA,NA,NA
"DOCK",2026-03-12 15:21:30,NA,NA,NA,NA,NA
"DOCK",2026-03-12 15:21:45,NA,NA,NA,NA,NA
"DOCK",2026-03-12 15:22:00,NA,NA,NA,NA,NA
"DOCK",2026-03-12 15:22:15,NA,NA,NA,NA,NA
"DOCK",2026-03-12 15:22:30,NA,NA,NA,NA,NA
"DOCK",2026-03-12 15:22:45,NA,NA,NA,NA,NA
"DOCK",2026-03-12 15:23:00,NA,NA,NA,NA,NA
"DOCK",2026-03-12 15:23:15,NA,NA,NA,NA,NA
"DOCK",2026-03-12 15:23:30,NA,NA,NA,NA,NA
"DOCK",2026-03-12 15:23:45,NA,NA,NA,NA,NA
"DOCK",2026-03-12 15:24:00,NA,NA,NA,NA,NA
"DOCK",2026-03-12 15:24:15,NA,NA,NA,NA,NA
"DOCK",2026-03-12 15:24:30,NA,NA,NA,NA,NA
"DOCK",2026-03-12 15:24:45,NA,NA,NA,NA,NA
"DOCK",2026-03-12 15:25:00,NA,NA,NA,NA,NA
"DOCK",2026-03-12 15:25:15,NA,NA,NA,NA,NA
"DOCK",2026-03-12 15:25:30,NA,NA,NA,NA,NA
"DOCK",2026-03-12 15:25:45,NA,NA,NA,NA,NA
"DOCK",2026-03-12 15:26:00,NA,NA,NA,NA,NA
"DOCK",2026-03-12 15:26:15,NA,NA,NA,NA,NA
"DOCK",2026-03-12 15:26:30,NA,NA,NA,NA,NA
"DOCK",2026-03-12 15:26:45,NA,NA,NA,NA,NA
"DOCK",2026-03-12 15:27:00,NA,NA,NA,NA,NA
"DOCK",2026-03-12 15:27:15,NA,NA,NA,NA,NA
"DOCK",2026-03-12 15:27:30,NA,NA,NA,NA,NA
"DOCK",2026-03-12 15:27:45,NA,NA,NA,NA,NA
"DOCK",2026-03-12 15:28:00,NA,NA,NA,NA,NA
"DOCK",2026-03-12 15:28:15,NA,NA,NA,NA,NA
"DOCK",2026-03-12 15:28:30,NA,NA,NA,NA,NA
"DOCK",2026-03-12 15:28:45,NA,NA,NA,NA,NA
"DOCK",2026-03-12 15:29:00,NA,NA,NA,NA,NA
"DOCK",2026-03-12 15:29:15,NA,NA,NA,NA,NA
"DOCK",2026-03-12 15:29:30,NA,NA,NA,NA,NA
"DOCK",2026-03-12 15:29:45,NA,NA,NA,NA,NA
"DOCK",2026-03-12 15:30:00,NA,NA,NA,NA,NA
"DOCK",2026-03-12 15:30:15,NA,NA,NA,NA,NA
"DOCK",2026-03-12 15:30:30,NA,NA,NA,NA,NA
"DOCK",2026-03-12 15:30:45,NA,NA,NA,NA,NA
"DOCK",2026-03-12 15:31:00,NA,NA,NA,NA,NA
"DOCK",2026-03-12 15:31:15,NA,NA,NA,NA,NA
"DOCK",2026-03-12 15:31:30,NA,NA,NA,NA,NA
"DOCK",2026-03-12 15:31:45,NA,NA,NA,NA,NA
"DOCK",2026-03-12 15:32:00,NA,NA,NA,NA,NA
"DOCK",2026-03-12 15:32:15,NA,NA,NA,NA,NA
"DOCK",2026-03-12 15:32:30,NA,NA,NA,NA,NA
"DOCK",2026-03-12 15:32:45,NA,NA,NA,NA,NA
"DOCK",2026-03-12 15:33:00,NA,NA,NA,NA,NA
"DOCK",2026-03-12 15:33:15,NA,NA,NA,NA,NA
"DOCK",2026-03-12 15:33:30,NA,NA,NA,NA,NA
"DOCK",2026-03-12 15:33:45,NA,NA,NA,NA,NA
"DOCK",2026-03-12 15:34:00,NA,NA,NA,NA,NA
"DOCK",2026-03-12 15:34:15,NA,NA,NA,NA,NA
"DOCK",2026-03-12 15:34:30,NA,NA,NA,NA,NA
"DOCK",2026-03-12 15:34:45,NA,NA,NA,NA,NA
"DOCK",2026-03-12 15:35:00,NA,NA,NA,NA,NA
"DOCK",2026-03-12 15:35:15,NA,NA,NA,NA,NA
"DOCK",2026-03-12 15:35:30,NA,NA,NA,NA,NA
"DOCK",2026-03-12 15:35:45,NA,NA,NA,NA,NA
"DOCK",2026-03-12 15:36:00,NA,NA,NA,NA,NA
"DOCK",2026-03-12 15:36:15,NA,NA,NA,NA,NA
"DOCK",2026-03-12 15:36:30,NA,NA,NA,NA,NA
"DOCK",2026-03-12 15:36:45,NA,NA,NA,NA,NA
"DOCK",2026-03-12 15:37:00,NA,NA,NA,NA,NA
"DOCK",2026-03-12 15:37:15,NA,NA,NA,NA,NA
"DOCK",2026-03-12 15:37:30,NA,NA,NA,NA,NA
"DOCK",2026-03-12 15:37:45,NA,NA,NA,NA,NA
"DOCK",2026-03-12 15:38:00,NA,NA,NA,NA,NA
"DOCK",2026-03-12 15:38:15,NA,NA,NA,NA,NA
"DOCK",2026-03-12 15:38:30,NA,NA,NA,NA,NA
"DOCK",2026-03-12 15:38:45,NA,NA,NA,NA,NA
"DOCK",2026-03-12 15:39:00,NA,NA,NA,NA,NA
"DOCK",2026-03-12 15:39:15,NA,NA,NA,NA,NA
"DOCK",2026-03-12 15:39:30,NA,NA,NA,NA,NA
"DOCK",2026-03-12 15:39:45,NA,NA,NA,NA,NA
"DOCK",2026-03-12 15:40:00,NA,NA,NA,NA,NA
"DOCK",2026-03-12 15:40:15,NA,NA,NA,NA,NA
"DOCK",2026-03-12 15:40:30,NA,NA,NA,NA,NA
"DOCK",2026-03-12 15:40:45,NA,NA,NA,NA,NA
"DOCK",2026-03-12 15:41:00,NA,NA,NA,NA,NA
"DOCK",2026-03-12 15:41:15,NA,NA,NA,NA,NA
"DOCK",2026-03-12 15:41:30,NA,NA,NA,NA,NA
"DOCK",2026-03-12 15:41:45,NA,NA,NA,NA,NA
"DOCK",2026-03-12 15:42:00,NA,NA,NA,NA,NA
"DOCK",2026-03-12 15:42:15,NA,NA,NA,NA,NA
"DOCK",2026-03-12 15:42:30,NA,NA,NA,NA,NA
"DOCK",2026-03-12 15:42:45,NA,NA,NA,NA,NA
"DOCK",2026-03-12 15:43:00,NA,NA,NA,NA,NA
"DOCK",2026-03-12 15:43:15,NA,NA,NA,NA,NA
"DOCK",2026-03-12 15:43:30,NA,NA,NA,NA,NA
"DOCK",2026-03-12 15:43:45,NA,NA,NA,NA,NA
"DOCK",2026-03-12 15:44:00,NA,NA,NA,NA,NA
"DOCK",2026-03-12 15:44:15,NA,NA,NA,NA,NA
"DOCK",2026-03-12 15:44:30,NA,NA,NA,NA,NA
"DOCK",2026-03-12 15:44:45,NA,NA,NA,NA,NA
"DOCK",2026-03-12 15:45:00,NA,NA,NA,NA,NA
"DOCK",2026-03-12 15:45:15,NA,NA,NA,NA,NA
"DOCK",2026-03-12 15:45:30,NA,NA,NA,NA,NA
"DOCK",2026-03-12 15:45:45,NA,NA,NA,NA,NA
"DOCK",2026-03-12 15:46:00,NA,NA,NA,NA,NA
"DOCK",2026-03-12 15:46:15,NA,NA,NA,NA,NA
"DOCK",2026-03-12 15:46:30,NA,NA,NA,NA,NA
"DOCK",2026-03-12 15:46:45,NA,NA,NA,NA,NA
"DOCK",2026-03-12 15:47:00,NA,NA,NA,NA,NA
"DOCK",2026-03-12 15:47:15,NA,NA,NA,NA,NA
"DOCK",2026-03-12 15:47:30,NA,NA,NA,NA,NA
"DOCK",2026-03-12 15:47:45,NA,NA,NA,NA,NA
"DOCK",2026-03-12 15:48:00,NA,NA,NA,NA,NA
"DOCK",2026-03-12 15:48:15,NA,NA,NA,NA,NA
"DOCK",2026-03-12 15:48:30,NA,NA,NA,NA,NA
"DOCK",2026-03-12 15:48:45,NA,NA,NA,NA,NA
"DOCK",2026-03-12 15:49:00,NA,NA,NA,NA,NA
"DOCK",2026-03-12 15:49:15,NA,NA,NA,NA,NA
"DOCK",2026-03-12 15:49:30,NA,NA,NA,NA,NA
"DOCK",2026-03-12 15:49:45,NA,NA,NA,NA,NA
"DOCK",2026-03-12 15:50:00,NA,NA,NA,NA,NA
"DOCK",2026-03-12 15:50:15,NA,NA,NA,NA,NA
"DOCK",2026-03-12 15:50:30,NA,NA,NA,NA,NA
"DOCK",2026-03-12 15:50:45,NA,NA,NA,NA,NA
"DOCK",2026-03-12 15:51:00,NA,NA,NA,NA,NA
"DOCK",2026-03-12 15:51:15,NA,NA,NA,NA,NA
"DOCK",2026-03-12 15:51:30,NA,NA,NA,NA,NA
"DOCK",2026-03-12 15:51:45,NA,NA,NA,NA,NA
"DOCK",2026-03-12 15:52:00,NA,NA,NA,NA,NA
"DOCK",2026-03-12 15:52:15,NA,NA,NA,NA,NA
"DOCK",2026-03-12 15:52:30,NA,NA,NA,NA,NA
"DOCK",2026-03-12 15:52:45,NA,NA,NA,NA,NA
"DOCK",2026-03-12 15:53:00,NA,NA,NA,NA,NA
"DOCK",2026-03-12 15:53:15,NA,NA,NA,NA,NA
"DOCK",2026-03-12 15:53:30,NA,NA,NA,NA,NA
"DOCK",2026-03-12 15:53:45,NA,NA,NA,NA,NA
"DOCK",2026-03-12 15:54:00,NA,NA,NA,NA,NA
"DOCK",2026-03-12 15:54:15,NA,NA,NA,NA,NA
"DOCK",2026-03-12 15:54:30,NA,NA,NA,NA,NA
"DOCK",2026-03-12 15:54:45,NA,NA,NA,NA,NA
"DOCK",2026-03-12 15:55:00,NA,NA,NA,NA,NA
"DOCK",2026-03-12 15:55:15,NA,NA,NA,NA,NA
"DOCK",2026-03-12 15:55:30,NA,NA,NA,NA,NA
"DOCK",2026-03-12 15:55:45,NA,NA,NA,NA,NA
"DOCK",2026-03-12 15:56:00,NA,NA,NA,NA,NA
"DOCK",2026-03-12 15:56:15,NA,NA,NA,NA,NA
"DOCK",2026-03-12 15:56:30,NA,NA,NA,NA,NA
"DOCK",2026-03-12 15:56:45,NA,NA,NA,NA,NA
"DOCK",2026-03-12 15:57:00,NA,NA,NA,NA,NA
"DOCK",2026-03-12 15:57:15,NA,NA,NA,NA,NA
"DOCK",2026-03-12 15:57:30,NA,NA,NA,NA,NA
"DOCK",2026-03-12 15:57:45,NA,NA,NA,NA,NA
"DOCK",2026-03-12 15:58:00,NA,NA,NA,NA,NA
"DOCK",2026-03-12 15:58:15,NA,NA,NA,NA,NA
"DOCK",2026-03-12 15:58:30,NA,NA,NA,NA,NA
"DOCK",2026-03-12 15:58:45,NA,NA,NA,NA,NA
"DOCK",2026-03-12 15:59:00,NA,NA,NA,NA,NA
"DOCK",2026-03-12 15:59:15,NA,NA,NA,NA,NA
"DOCK",2026-03-12 15:59:30,NA,NA,NA,NA,NA
"DOCK",2026-03-12 15:59:45,NA,NA,NA,NA,NA
"DOCK",2026-03-12 16:00:00,NA,NA,NA,NA,NA
"DOCK",2026-03-12 16:00:15,NA,NA,NA,NA,NA
"DOCK",2026-03-12 16:00:30,NA,NA,NA,NA,NA
"DOCK",2026-03-12 16:00:45,NA,NA,NA,NA,NA
"DOCK",2026-03-12 16:01:00,NA,NA,NA,NA,NA
"DOCK",2026-03-12 16:01:15,NA,NA,NA,NA,NA
"DOCK",2026-03-12 16:01:30,NA,NA,NA,NA,NA
"DOCK",2026-03-12 16:01:45,NA,NA,NA,NA,NA
"DOCK",2026-03-12 16:02:00,NA,NA,NA,NA,NA
"DOCK",2026-03-12 16:02:15,NA,NA,NA,NA,NA
"DOCK",2026-03-12 16:02:30,NA,NA,NA,NA,NA
"DOCK",2026-03-12 16:02:45,NA,NA,NA,NA,NA
"DOCK",2026-03-12 16:03:00,NA,NA,NA,NA,NA
"DOCK",2026-03-12 16:03:15,NA,NA,NA,NA,NA
"DOCK",2026-03-12 16:03:30,NA,NA,NA,NA,NA
"DOCK",2026-03-12 16:03:45,NA,NA,NA,NA,NA
"DOCK",2026-03-12 16:04:00,NA,NA,NA,NA,NA
"DOCK",2026-03-12 16:04:15,NA,NA,NA,NA,NA
"DOCK",2026-03-12 16:04:30,NA,NA,NA,NA,NA
"DOCK",2026-03-12 16:04:45,NA,NA,NA,NA,NA
"DOCK",2026-03-12 16:05:00,NA,NA,NA,NA,NA
"DOCK",2026-03-12 16:05:15,NA,NA,NA,NA,NA
"DOCK",2026-03-12 16:05:30,NA,NA,NA,NA,NA
"DOCK",2026-03-12 16:05:45,NA,NA,NA,NA,NA
"DOCK",2026-03-12 16:06:00,NA,NA,NA,NA,NA
"DOCK",2026-03-12 16:06:15,NA,NA,NA,NA,NA
"DOCK",2026-03-12 16:06:30,NA,NA,NA,NA,NA
"DOCK",2026-03-12 16:06:45,NA,NA,NA,NA,NA
"DOCK",2026-03-12 16:07:00,NA,NA,NA,NA,NA
"DOCK",2026-03-12 16:07:15,NA,NA,NA,NA,NA
"DOCK",2026-03-12 16:07:30,NA,NA,NA,NA,NA
"DOCK",2026-03-12 16:07:45,NA,NA,NA,NA,NA
"DOCK",2026-03-12 16:08:00,NA,NA,NA,NA,NA
"DOCK",2026-03-12 16:08:15,NA,NA,NA,NA,NA
"DOCK",2026-03-12 16:08:30,NA,NA,NA,NA,NA
"DOCK",2026-03-12 16:08:45,NA,NA,NA,NA,NA
"DOCK",2026-03-12 16:09:00,NA,NA,NA,NA,NA
"DOCK",2026-03-12 16:09:15,NA,NA,NA,NA,NA
"DOCK",2026-03-12 16:09:30,NA,NA,NA,NA,NA
"DOCK",2026-03-12 16:09:45,NA,NA,NA,NA,NA
"DOCK",2026-03-12 16:10:00,NA,NA,NA,NA,NA
"DOCK",2026-03-12 16:10:15,NA,NA,NA,NA,NA
"DOCK",2026-03-12 16:10:30,NA,NA,NA,NA,NA
"DOCK",2026-03-12 16:10:45,NA,NA,NA,NA,NA
"DOCK",2026-03-12 16:11:00,NA,NA,NA,NA,NA
"DOCK",2026-03-12 16:11:15,NA,NA,NA,NA,NA
"DOCK",2026-03-12 16:11:30,NA,NA,NA,NA,NA
"DOCK",2026-03-12 16:11:45,NA,NA,NA,NA,NA
"DOCK",2026-03-12 16:12:00,NA,NA,NA,NA,NA
"DOCK",2026-03-12 16:12:15,NA,NA,NA,NA,NA
"DOCK",2026-03-12 16:12:30,NA,NA,NA,NA,NA
"DOCK",2026-03-12 16:12:45,NA,NA,NA,NA,NA
"DOCK",2026-03-12 16:13:00,NA,NA,NA,NA,NA
"DOCK",2026-03-12 16:13:15,NA,NA,NA,NA,NA
"DOCK",2026-03-12 16:13:30,NA,NA,NA,NA,NA
"DOCK",2026-03-12 16:13:45,NA,NA,NA,NA,NA
"DOCK",2026-03-12 16:14:00,NA,NA,NA,NA,NA
"DOCK",2026-03-12 16:14:15,NA,NA,NA,NA,NA
"DOCK",2026-03-12 16:14:30,NA,NA,NA,NA,NA
"DOCK",2026-03-12 16:14:45,NA,NA,NA,NA,NA
"DOCK",2026-03-12 16:15:00,NA,NA,NA,NA,NA
"DOCK",2026-03-12 16:15:15,NA,NA,NA,NA,NA
"DOCK",2026-03-12 16:15:30,NA,NA,NA,NA,NA
"DOCK",2026-03-12 16:15:45,NA,NA,NA,NA,NA
"DOCK",2026-03-12 16:16:00,NA,NA,NA,NA,NA
"DOCK",2026-03-12 16:16:15,NA,NA,NA,NA,NA
"DOCK",2026-03-12 16:16:30,NA,NA,NA,NA,NA
"DOCK",2026-03-12 16:16:45,NA,NA,NA,NA,NA
"DOCK",2026-03-12 16:17:00,NA,NA,NA,NA,NA
"DOCK",2026-03-12 16:17:15,NA,NA,NA,NA,NA
"DOCK",2026-03-12 16:17:30,NA,NA,NA,NA,NA
"DOCK",2026-03-12 16:17:45,NA,NA,NA,NA,NA
"DOCK",2026-03-12 16:18:00,NA,NA,NA,NA,NA
"DOCK",2026-03-12 16:18:15,NA,NA,NA,NA,NA
"DOCK",2026-03-12 16:18:30,NA,NA,NA,NA,NA
"DOCK",2026-03-12 16:18:45,NA,NA,NA,NA,NA
"DOCK",2026-03-12 16:19:00,NA,NA,NA,NA,NA
"DOCK",2026-03-12 16:19:15,NA,NA,NA,NA,NA
"DOCK",2026-03-12 16:19:30,NA,NA,NA,NA,NA
"DOCK",2026-03-12 16:19:45,NA,NA,NA,NA,NA
"DOCK",2026-03-12 16:20:00,NA,NA,NA,NA,NA
"DOCK",2026-03-12 16:20:15,NA,NA,NA,NA,NA
"DOCK",2026-03-12 16:20:30,NA,NA,NA,NA,NA
"DOCK",2026-03-12 16:20:45,NA,NA,NA,NA,NA
"DOCK",2026-03-12 16:21:00,NA,NA,NA,NA,NA
"DOCK",2026-03-12 16:21:15,NA,NA,NA,NA,NA
"DOCK",2026-03-12 16:21:30,NA,NA,NA,NA,NA
"DOCK",2026-03-12 16:21:45,NA,NA,NA,NA,NA
"DOCK",2026-03-12 16:22:00,NA,NA,NA,NA,NA
"DOCK",2026-03-12 16:22:15,NA,NA,NA,NA,NA
"DOCK",2026-03-12 16:22:30,NA,NA,NA,NA,NA
"DOCK",2026-03-12 16:22:45,NA,NA,NA,NA,NA
"DOCK",2026-03-12 16:23:00,NA,NA,NA,NA,NA
"DOCK",2026-03-12 16:23:15,NA,NA,NA,NA,NA
"DOCK",2026-03-12 16:23:30,NA,NA,NA,NA,NA
"DOCK",2026-03-12 16:23:45,NA,NA,NA,NA,NA
"DOCK",2026-03-12 16:24:00,NA,NA,NA,NA,NA
"DOCK",2026-03-12 16:24:15,NA,NA,NA,NA,NA
"DOCK",2026-03-12 16:24:30,NA,NA,NA,NA,NA
"DOCK",2026-03-12 16:24:45,NA,NA,NA,NA,NA
"DOCK",2026-03-12 16:25:00,NA,NA,NA,NA,NA
"DOCK",2026-03-12 16:25:15,NA,NA,NA,NA,NA
"DOCK",2026-03-12 16:25:30,NA,NA,NA,NA,NA
"DOCK",2026-03-12 16:25:45,NA,NA,NA,NA,NA
"DOCK",2026-03-12 16:26:00,NA,NA,NA,NA,NA
"DOCK",2026-03-12 16:26:15,NA,NA,NA,NA,NA
"DOCK",2026-03-12 16:26:30,NA,NA,NA,NA,NA
"DOCK",2026-03-12 16:26:45,NA,NA,NA,NA,NA
"DOCK",2026-03-12 16:27:00,NA,NA,NA,NA,NA
"DOCK",2026-03-12 16:27:15,NA,NA,NA,NA,NA
"DOCK",2026-03-12 16:27:30,NA,NA,NA,NA,NA
"DOCK",2026-03-12 16:27:45,NA,NA,NA,NA,NA
"DOCK",2026-03-12 16:28:00,NA,NA,NA,NA,NA
"DOCK",2026-03-12 16:28:15,NA,NA,NA,NA,NA
"DOCK",2026-03-12 16:28:30,NA,NA,NA,NA,NA
"DOCK",2026-03-12 16:28:45,NA,NA,NA,NA,NA
"DOCK",2026-03-12 16:29:00,NA,NA,NA,NA,NA
"DOCK",2026-03-12 16:29:15,NA,NA,NA,NA,NA
"DOCK",2026-03-12 16:29:30,NA,NA,NA,NA,NA
"DOCK",2026-03-12 16:29:45,NA,NA,NA,NA,NA
"DOCK",2026-03-12 16:30:00,NA,NA,NA,NA,NA
"DOCK",2026-03-12 16:30:15,NA,NA,NA,NA,NA
"DOCK",2026-03-12 16:30:30,NA,NA,NA,NA,NA
"DOCK",2026-03-12 16:30:45,NA,NA,NA,NA,NA
"DOCK",2026-03-12 16:31:00,NA,NA,NA,NA,NA
"DOCK",2026-03-12 16:31:15,NA,NA,NA,NA,NA
"DOCK",2026-03-12 16:31:30,NA,NA,NA,NA,NA
"DOCK",2026-03-12 16:31:45,NA,NA,NA,NA,NA
"DOCK",2026-03-12 16:32:00,NA,NA,NA,NA,NA
"DOCK",2026-03-12 16:32:15,NA,NA,NA,NA,NA
"DOCK",2026-03-12 16:32:30,NA,NA,NA,NA,NA
"DOCK",2026-03-12 16:32:45,NA,NA,NA,NA,NA
"DOCK",2026-03-12 16:33:00,NA,NA,NA,NA,NA
"DOCK",2026-03-12 16:33:15,NA,NA,NA,NA,NA
"DOCK",2026-03-12 16:33:30,NA,NA,NA,NA,NA
"DOCK",2026-03-12 16:33:45,NA,NA,NA,NA,NA
"DOCK",2026-03-12 16:34:00,NA,NA,NA,NA,NA
"DOCK",2026-03-12 16:34:15,NA,NA,NA,NA,NA
"DOCK",2026-03-12 16:34:30,NA,NA,NA,NA,NA
"DOCK",2026-03-12 16:34:45,NA,NA,NA,NA,NA
"DOCK",2026-03-12 16:35:00,NA,NA,NA,NA,NA
"DOCK",2026-03-12 16:35:15,NA,NA,NA,NA,NA
"DOCK",2026-03-12 16:35:30,NA,NA,NA,NA,NA
"DOCK",2026-03-12 16:35:45,NA,NA,NA,NA,NA
"DOCK",2026-03-12 16:36:00,NA,NA,NA,NA,NA
"DOCK",2026-03-12 16:36:15,NA,NA,NA,NA,NA
"DOCK",2026-03-12 16:36:30,NA,NA,NA,NA,NA
"DOCK",2026-03-12 16:36:45,NA,NA,NA,NA,NA
"DOCK",2026-03-12 16:37:00,NA,NA,NA,NA,NA
"DOCK",2026-03-12 16:37:15,NA,NA,NA,NA,NA
"DOCK",2026-03-12 16:37:30,NA,NA,NA,NA,NA
"DOCK",2026-03-12 16:37:45,NA,NA,NA,NA,NA
"DOCK",2026-03-12 16:38:00,NA,NA,NA,NA,NA
"DOCK",2026-03-12 16:38:15,NA,NA,NA,NA,NA
"DOCK",2026-03-12 16:38:30,NA,NA,NA,NA,NA
"DOCK",2026-03-12 16:38:45,NA,NA,NA,NA,NA
"DOCK",2026-03-12 16:39:00,NA,NA,NA,NA,NA
"DOCK",2026-03-12 16:39:15,NA,NA,NA,NA,NA
"DOCK",2026-03-12 16:39:30,NA,NA,NA,NA,NA
"DOCK",2026-03-12 16:39:45,NA,NA,NA,NA,NA
"DOCK",2026-03-12 16:40:00,NA,NA,NA,NA,NA
"DOCK",2026-03-12 16:40:15,NA,NA,NA,NA,NA
"DOCK",2026-03-12 16:40:30,NA,NA,NA,NA,NA
"DOCK",2026-03-12 16:40:45,NA,NA,NA,NA,NA
"DOCK",2026-03-12 16:41:00,NA,NA,NA,NA,NA
"DOCK",2026-03-12 16:41:15,NA,NA,NA,NA,NA
"DOCK",2026-03-12 16:41:30,NA,NA,NA,NA,NA
"DOCK",2026-03-12 16:41:45,NA,NA,NA,NA,NA
"DOCK",2026-03-12 16:42:00,NA,NA,NA,NA,NA
"DOCK",2026-03-12 16:42:15,NA,NA,NA,NA,NA
"DOCK",2026-03-12 16:42:30,NA,NA,NA,NA,NA
"DOCK",2026-03-12 16:42:45,NA,NA,NA,NA,NA
"DOCK",2026-03-12 16:43:00,NA,NA,NA,NA,NA
"DOCK",2026-03-12 16:43:15,NA,NA,NA,NA,NA
"DOCK",2026-03-12 16:43:30,NA,NA,NA,NA,NA
"DOCK",2026-03-12 16:43:45,NA,NA,NA,NA,NA
"DOCK",2026-03-12 16:44:00,NA,NA,NA,NA,NA
"DOCK",2026-03-12 16:44:15,NA,NA,NA,NA,NA
"DOCK",2026-03-12 16:44:30,NA,NA,NA,NA,NA
"DOCK",2026-03-12 16:44:45,NA,NA,NA,NA,NA
"DOCK",2026-03-12 16:45:00,NA,NA,NA,NA,NA
"DOCK",2026-03-12 16:45:15,NA,NA,NA,NA,NA
"DOCK",2026-03-12 16:45:30,NA,NA,NA,NA,NA
"DOCK",2026-03-12 16:45:45,NA,NA,NA,NA,NA
"DOCK",2026-03-12 16:46:00,NA,NA,NA,NA,NA
"DOCK",2026-03-12 16:46:15,NA,NA,NA,NA,NA
"DOCK",2026-03-12 16:46:30,NA,NA,NA,NA,NA
"DOCK",2026-03-12 16:46:45,NA,NA,NA,NA,NA
"DOCK",2026-03-12 16:47:00,NA,NA,NA,NA,NA
"DOCK",2026-03-12 16:47:15,NA,NA,NA,NA,NA
"DOCK",2026-03-12 16:47:30,NA,NA,NA,NA,NA
"DOCK",2026-03-12 16:47:45,NA,NA,NA,NA,NA
"DOCK",2026-03-12 16:48:00,NA,NA,NA,NA,NA
"DOCK",2026-03-12 16:48:15,NA,NA,NA,NA,NA
"DOCK",2026-03-12 16:48:30,NA,NA,NA,NA,NA
"DOCK",2026-03-12 16:48:45,NA,NA,NA,NA,NA
"DOCK",2026-03-12 16:49:00,NA,NA,NA,NA,NA
"DOCK",2026-03-12 16:49:15,NA,NA,NA,NA,NA
"DOCK",2026-03-12 16:49:30,NA,NA,NA,NA,NA
"DOCK",2026-03-12 16:49:45,NA,NA,NA,NA,NA
"DOCK",2026-03-12 16:50:00,NA,NA,NA,NA,NA
"DOCK",2026-03-12 16:50:15,NA,NA,NA,NA,NA
"DOCK",2026-03-12 16:50:30,NA,NA,NA,NA,NA
"DOCK",2026-03-12 16:50:45,NA,NA,NA,NA,NA
"DOCK",2026-03-12 16:51:00,NA,NA,NA,NA,NA
"DOCK",2026-03-12 16:51:15,NA,NA,NA,NA,NA
"DOCK",2026-03-12 16:51:30,NA,NA,NA,NA,NA
"DOCK",2026-03-12 16:51:45,NA,NA,NA,NA,NA
"DOCK",2026-03-12 16:52:00,NA,NA,NA,NA,NA
"DOCK",2026-03-12 16:52:15,NA,NA,NA,NA,NA
"DOCK",2026-03-12 16:52:30,NA,NA,NA,NA,NA
"DOCK",2026-03-12 16:52:45,NA,NA,NA,NA,NA
"DOCK",2026-03-12 16:53:00,NA,NA,NA,NA,NA
"DOCK",2026-03-12 16:53:15,NA,NA,NA,NA,NA
"DOCK",2026-03-12 16:53:30,NA,NA,NA,NA,NA
"DOCK",2026-03-12 16:53:45,NA,NA,NA,NA,NA
"DOCK",2026-03-12 16:54:00,NA,NA,NA,NA,NA
"DOCK",2026-03-12 16:54:15,NA,NA,NA,NA,NA
"DOCK",2026-03-12 16:54:30,NA,NA,NA,NA,NA
"DOCK",2026-03-12 16:54:45,NA,NA,NA,NA,NA
"DOCK",2026-03-12 16:55:00,NA,NA,NA,NA,NA
"DOCK",2026-03-12 16:55:15,NA,NA,NA,NA,NA
"DOCK",2026-03-12 16:55:30,NA,NA,NA,NA,NA
"DOCK",2026-03-12 16:55:45,NA,NA,NA,NA,NA
"DOCK",2026-03-12 16:56:00,NA,NA,NA,NA,NA
"DOCK",2026-03-12 16:56:15,NA,NA,NA,NA,NA
"DOCK",2026-03-12 16:56:30,NA,NA,NA,NA,NA
"DOCK",2026-03-12 16:56:45,NA,NA,NA,NA,NA
"DOCK",2026-03-12 16:57:00,NA,NA,NA,NA,NA
"DOCK",2026-03-12 16:57:15,NA,NA,NA,NA,NA
"DOCK",2026-03-12 16:57:30,NA,NA,NA,NA,NA
"DOCK",2026-03-12 16:57:45,NA,NA,NA,NA,NA
"DOCK",2026-03-12 16:58:00,NA,NA,NA,NA,NA
"DOCK",2026-03-12 16:58:15,NA,NA,NA,NA,NA
"DOCK",2026-03-12 16:58:30,NA,NA,NA,NA,NA
"DOCK",2026-03-12 16:58:45,NA,NA,NA,NA,NA
"DOCK",2026-03-12 16:59:00,NA,NA,NA,NA,NA
"DOCK",2026-03-12 16:59:15,NA,NA,NA,NA,NA
"DOCK",2026-03-12 16:59:30,NA,NA,NA,NA,NA
"DOCK",2026-03-12 16:59:45,NA,NA,NA,NA,NA
"DOCK",2026-03-12 17:00:00,NA,NA,NA,NA,NA
"DOCK",2026-03-12 17:00:15,NA,NA,NA,NA,NA
"DOCK",2026-03-12 17:00:30,NA,NA,NA,NA,NA
"DOCK",2026-03-12 17:00:45,NA,NA,NA,NA,NA
"DOCK",2026-03-12 17:01:00,NA,NA,NA,NA,NA
"DOCK",2026-03-12 17:01:15,NA,NA,NA,NA,NA
"DOCK",2026-03-12 17:01:30,NA,NA,NA,NA,NA
"DOCK",2026-03-12 17:01:45,NA,NA,NA,NA,NA
"DOCK",2026-03-12 17:02:00,NA,NA,NA,NA,NA
"DOCK",2026-03-12 17:02:15,NA,NA,NA,NA,NA
"DOCK",2026-03-12 17:02:30,NA,NA,NA,NA,NA
"DOCK",2026-03-12 17:02:45,NA,NA,NA,NA,NA
"DOCK",2026-03-12 17:03:00,NA,NA,NA,NA,NA
"DOCK",2026-03-12 17:03:15,NA,NA,NA,NA,NA
"DOCK",2026-03-12 17:03:30,NA,NA,NA,NA,NA
"DOCK",2026-03-12 17:03:45,NA,NA,NA,NA,NA
"DOCK",2026-03-12 17:04:00,NA,NA,NA,NA,NA
"DOCK",2026-03-12 17:04:15,NA,NA,NA,NA,NA
"DOCK",2026-03-12 17:04:30,NA,NA,NA,NA,NA
"DOCK",2026-03-12 17:04:45,NA,NA,NA,NA,NA
"DOCK",2026-03-12 17:05:00,NA,NA,NA,NA,NA
"DOCK",2026-03-12 17:05:15,NA,NA,NA,NA,NA
"DOCK",2026-03-12 17:05:30,NA,NA,NA,NA,NA
"DOCK",2026-03-12 17:05:45,NA,NA,NA,NA,NA
"DOCK",2026-03-12 17:06:00,NA,NA,NA,NA,NA
"DOCK",2026-03-12 17:06:15,NA,NA,NA,NA,NA
"DOCK",2026-03-12 17:06:30,NA,NA,NA,NA,NA
"DOCK",2026-03-12 17:06:45,NA,NA,NA,NA,NA
"DOCK",2026-03-12 17:07:00,NA,NA,NA,NA,NA
"DOCK",2026-03-12 17:07:15,NA,NA,NA,NA,NA
"DOCK",2026-03-12 17:07:30,NA,NA,NA,NA,NA
"DOCK",2026-03-12 17:07:45,NA,NA,NA,NA,NA
"DOCK",2026-03-12 17:08:00,NA,NA,NA,NA,NA
"DOCK",2026-03-12 17:08:15,NA,NA,NA,NA,NA
"DOCK",2026-03-12 17:08:30,NA,NA,NA,NA,NA
"DOCK",2026-03-12 17:08:45,NA,NA,NA,NA,NA
"DOCK",2026-03-12 17:09:00,NA,NA,NA,NA,NA
"DOCK",2026-03-12 17:09:15,NA,NA,NA,NA,NA
"DOCK",2026-03-12 17:09:30,NA,NA,NA,NA,NA
"DOCK",2026-03-12 17:09:45,NA,NA,NA,NA,NA
"DOCK",2026-03-12 17:10:00,NA,NA,NA,NA,NA
"DOCK",2026-03-12 17:10:15,NA,NA,NA,NA,NA
"DOCK",2026-03-12 17:10:30,NA,NA,NA,NA,NA
"DOCK",2026-03-12 17:10:45,NA,NA,NA,NA,NA
"DOCK",2026-03-12 17:11:00,NA,NA,NA,NA,NA
"DOCK",2026-03-12 17:11:15,NA,NA,NA,NA,NA
"DOCK",2026-03-12 17:11:30,NA,NA,NA,NA,NA
"DOCK",2026-03-12 17:11:45,NA,NA,NA,NA,NA
"DOCK",2026-03-12 17:12:00,NA,NA,NA,NA,NA
"DOCK",2026-03-12 17:12:15,NA,NA,NA,NA,NA
"DOCK",2026-03-12 17:12:30,NA,NA,NA,NA,NA
"DOCK",2026-03-12 17:12:45,NA,NA,NA,NA,NA
"DOCK",2026-03-12 17:13:00,NA,NA,NA,NA,NA
"DOCK",2026-03-12 17:13:15,NA,NA,NA,NA,NA
"DOCK",2026-03-12 17:13:30,NA,NA,NA,NA,NA
"DOCK",2026-03-12 17:13:45,NA,NA,NA,NA,NA
"DOCK",2026-03-12 17:14:00,NA,NA,NA,NA,NA
"DOCK",2026-03-12 17:14:15,NA,NA,NA,NA,NA
"DOCK",2026-03-12 17:14:30,NA,NA,NA,NA,NA
"DOCK",2026-03-12 17:14:45,NA,NA,NA,NA,NA
"DOCK",2026-03-12 17:15:00,NA,NA,NA,NA,NA
"DOCK",2026-03-12 17:15:15,NA,NA,NA,NA,NA
"DOCK",2026-03-12 17:15:30,NA,NA,NA,NA,NA
"DOCK",2026-03-12 17:15:45,NA,NA,NA,NA,NA
"DOCK",2026-03-12 17:16:00,NA,NA,NA,NA,NA
"DOCK",2026-03-12 17:16:15,NA,NA,NA,NA,NA
"DOCK",2026-03-12 17:16:30,NA,NA,NA,NA,NA
"DOCK",2026-03-12 17:16:45,NA,NA,NA,NA,NA
"DOCK",2026-03-12 17:17:00,NA,NA,NA,NA,NA
"DOCK",2026-03-12 17:17:15,NA,NA,NA,NA,NA
"DOCK",2026-03-12 17:17:30,NA,NA,NA,NA,NA
"DOCK",2026-03-12 17:17:45,NA,NA,NA,NA,NA
"DOCK",2026-03-12 17:18:00,NA,NA,NA,NA,NA
"DOCK",2026-03-12 17:18:15,NA,NA,NA,NA,NA
"DOCK",2026-03-12 17:18:30,NA,NA,NA,NA,NA
"DOCK",2026-03-12 17:18:45,NA,NA,NA,NA,NA
"DOCK",2026-03-12 17:19:00,NA,NA,NA,NA,NA
"DOCK",2026-03-12 17:19:15,NA,NA,NA,NA,NA
"DOCK",2026-03-12 17:19:30,NA,NA,NA,NA,NA
"DOCK",2026-03-12 17:19:45,NA,NA,NA,NA,NA
"DOCK",2026-03-12 17:20:00,NA,NA,NA,NA,NA
"DOCK",2026-03-12 17:20:15,NA,NA,NA,NA,NA
"DOCK",2026-03-12 17:20:30,NA,NA,NA,NA,NA
"DOCK",2026-03-12 17:20:45,NA,NA,NA,NA,NA
"DOCK",2026-03-12 17:21:00,NA,NA,NA,NA,NA
"DOCK",2026-03-12 17:21:15,NA,NA,NA,NA,NA
"DOCK",2026-03-12 17:21:30,NA,NA,NA,NA,NA
"DOCK",2026-03-12 17:21:45,NA,NA,NA,NA,NA
"DOCK",2026-03-12 17:22:00,NA,NA,NA,NA,NA
"DOCK",2026-03-12 17:22:15,NA,NA,NA,NA,NA
"DOCK",2026-03-12 17:22:30,NA,NA,NA,NA,NA
"DOCK",2026-03-12 17:22:45,NA,NA,NA,NA,NA
"DOCK",2026-03-12 17:23:00,NA,NA,NA,NA,NA
"DOCK",2026-03-12 17:23:15,NA,NA,NA,NA,NA
"DOCK",2026-03-12 17:23:30,NA,NA,NA,NA,NA
"DOCK",2026-03-12 17:23:45,NA,NA,NA,NA,NA
"DOCK",2026-03-12 17:24:00,NA,NA,NA,NA,NA
"DOCK",2026-03-12 17:24:15,NA,NA,NA,NA,NA
"DOCK",2026-03-12 17:24:30,NA,NA,NA,NA,NA
"DOCK",2026-03-12 17:24:45,NA,NA,NA,NA,NA
"DOCK",2026-03-12 17:25:00,NA,NA,NA,NA,NA
"DOCK",2026-03-12 17:25:15,NA,NA,NA,NA,NA
"DOCK",2026-03-12 17:25:30,NA,NA,NA,NA,NA
"DOCK",2026-03-12 17:25:45,NA,NA,NA,NA,NA
"DOCK",2026-03-12 17:26:00,NA,NA,NA,NA,NA
"DOCK",2026-03-12 17:26:15,NA,NA,NA,NA,NA
"DOCK",2026-03-12 17:26:30,NA,NA,NA,NA,NA
"DOCK",2026-03-12 17:26:45,NA,NA,NA,NA,NA
"DOCK",2026-03-12 17:27:00,NA,NA,NA,NA,NA
"DOCK",2026-03-12 17:27:15,NA,NA,NA,NA,NA
"DOCK",2026-03-12 17:27:30,NA,NA,NA,NA,NA
"DOCK",2026-03-12 17:27:45,NA,NA,NA,NA,NA
"DOCK",2026-03-12 17:28:00,NA,NA,NA,NA,NA
"DOCK",2026-03-12 17:28:15,NA,NA,NA,NA,NA
"DOCK",2026-03-12 17:28:30,NA,NA,NA,NA,NA
"DOCK",2026-03-12 17:28:45,NA,NA,NA,NA,NA
"DOCK",2026-03-12 17:29:00,NA,NA,NA,NA,NA
"DOCK",2026-03-12 17:29:15,NA,NA,NA,NA,NA
"DOCK",2026-03-12 17:29:30,NA,NA,NA,NA,NA
"DOCK",2026-03-12 17:29:45,NA,NA,NA,NA,NA
"DOCK",2026-03-12 17:30:00,NA,NA,NA,NA,NA
"DOCK",2026-03-12 17:30:15,NA,NA,NA,NA,NA
"DOCK",2026-03-12 17:30:30,NA,NA,NA,NA,NA
"DOCK",2026-03-12 17:30:45,NA,NA,NA,NA,NA
"DOCK",2026-03-12 17:31:00,NA,NA,NA,NA,NA
"DOCK",2026-03-12 17:31:15,NA,NA,NA,NA,NA
"DOCK",2026-03-12 17:31:30,NA,NA,NA,NA,NA
"DOCK",2026-03-12 17:31:45,NA,NA,NA,NA,NA
"DOCK",2026-03-12 17:32:00,NA,NA,NA,NA,NA
"DOCK",2026-03-12 17:32:15,NA,NA,NA,NA,NA
"DOCK",2026-03-12 17:32:30,NA,NA,NA,NA,NA
"DOCK",2026-03-12 17:32:45,NA,NA,NA,NA,NA
"DOCK",2026-03-12 17:33:00,NA,NA,NA,NA,NA
"DOCK",2026-03-12 17:33:15,NA,NA,NA,NA,NA
"DOCK",2026-03-12 17:33:30,NA,NA,NA,NA,NA
"DOCK",2026-03-12 17:33:45,NA,NA,NA,NA,NA
"DOCK",2026-03-12 17:34:00,NA,NA,NA,NA,NA
"DOCK",2026-03-12 17:34:15,NA,NA,NA,NA,NA
"DOCK",2026-03-12 17:34:30,NA,NA,NA,NA,NA
"DOCK",2026-03-12 17:34:45,NA,NA,NA,NA,NA
"DOCK",2026-03-12 17:35:00,NA,NA,NA,NA,NA
"DOCK",2026-03-12 17:35:15,NA,NA,NA,NA,NA
"DOCK",2026-03-12 17:35:30,NA,NA,NA,NA,NA
"DOCK",2026-03-12 17:35:45,NA,NA,NA,NA,NA
"DOCK",2026-03-12 17:36:00,NA,NA,NA,NA,NA
"DOCK",2026-03-12 17:36:15,NA,NA,NA,NA,NA
"DOCK",2026-03-12 17:36:30,NA,NA,NA,NA,NA
"DOCK",2026-03-12 17:36:45,NA,NA,NA,NA,NA
"DOCK",2026-03-12 17:37:00,NA,NA,NA,NA,NA
"DOCK",2026-03-12 17:37:15,NA,NA,NA,NA,NA
"DOCK",2026-03-12 17:37:30,NA,NA,NA,NA,NA
"DOCK",2026-03-12 17:37:45,NA,NA,NA,NA,NA
"DOCK",2026-03-12 17:38:00,NA,NA,NA,NA,NA
"DOCK",2026-03-12 17:38:15,NA,NA,NA,NA,NA
"DOCK",2026-03-12 17:38:30,NA,NA,NA,NA,NA
"DOCK",2026-03-12 17:38:45,NA,NA,NA,NA,NA
"DOCK",2026-03-12 17:39:00,NA,NA,NA,NA,NA
"DOCK",2026-03-12 17:39:15,NA,NA,NA,NA,NA
"DOCK",2026-03-12 17:39:30,NA,NA,NA,NA,NA
"DOCK",2026-03-12 17:39:45,NA,NA,NA,NA,NA
"DOCK",2026-03-12 17:40:00,NA,NA,NA,NA,NA
"DOCK",2026-03-12 17:40:15,NA,NA,NA,NA,NA
"DOCK",2026-03-12 17:40:30,NA,NA,NA,NA,NA
"DOCK",2026-03-12 17:40:45,NA,NA,NA,NA,NA
"DOCK",2026-03-12 17:41:00,NA,NA,NA,NA,NA
"DOCK",2026-03-12 17:41:15,NA,NA,NA,NA,NA
"DOCK",2026-03-12 17:41:30,NA,NA,NA,NA,NA
"DOCK",2026-03-12 17:41:45,NA,NA,NA,NA,NA
"DOCK",2026-03-12 17:42:00,NA,NA,NA,NA,NA
"DOCK",2026-03-12 17:42:15,NA,NA,NA,NA,NA
"DOCK",2026-03-12 17:42:30,NA,NA,NA,NA,NA
"DOCK",2026-03-12 17:42:45,NA,NA,NA,NA,NA
"DOCK",2026-03-12 17:43:00,NA,NA,NA,NA,NA
"DOCK",2026-03-12 17:43:15,NA,NA,NA,NA,NA
"DOCK",2026-03-12 17:43:30,NA,NA,NA,NA,NA
"DOCK",2026-03-12 17:43:45,NA,NA,NA,NA,NA
"DOCK",2026-03-12 17:44:00,NA,NA,NA,NA,NA
"DOCK",2026-03-12 17:44:15,NA,NA,NA,NA,NA
"DOCK",2026-03-12 17:44:30,NA,NA,NA,NA,NA
"DOCK",2026-03-12 17:44:45,NA,NA,NA,NA,NA
"DOCK",2026-03-12 17:45:00,NA,NA,NA,NA,NA
"DOCK",2026-03-12 17:45:15,NA,NA,NA,NA,NA
"DOCK",2026-03-12 17:45:30,NA,NA,NA,NA,NA
"DOCK",2026-03-12 17:45:45,NA,NA,NA,NA,NA
"DOCK",2026-03-12 17:46:00,NA,NA,NA,NA,NA
"DOCK",2026-03-12 17:46:15,NA,NA,NA,NA,NA
"DOCK",2026-03-12 17:46:30,NA,NA,NA,NA,NA
"DOCK",2026-03-12 17:46:45,NA,NA,NA,NA,NA
"DOCK",2026-03-12 17:47:00,NA,NA,NA,NA,NA
"DOCK",2026-03-12 17:47:15,NA,NA,NA,NA,NA
"DOCK",2026-03-12 17:47:30,NA,NA,NA,NA,NA
"DOCK",2026-03-12 17:47:45,NA,NA,NA,NA,NA
"DOCK",2026-03-12 17:48:00,NA,NA,NA,NA,NA
"DOCK",2026-03-12 17:48:15,NA,NA,NA,NA,NA
"DOCK",2026-03-12 17:48:30,NA,NA,NA,NA,NA
"DOCK",2026-03-12 17:48:45,NA,NA,NA,NA,NA
"DOCK",2026-03-12 17:49:00,NA,NA,NA,NA,NA
"DOCK",2026-03-12 17:49:15,NA,NA,NA,NA,NA
"DOCK",2026-03-12 17:49:30,NA,NA,NA,NA,NA
"DOCK",2026-03-12 17:49:45,NA,NA,NA,NA,NA
"DOCK",2026-03-12 17:50:00,NA,NA,NA,NA,NA
"DOCK",2026-03-12 17:50:15,NA,NA,NA,NA,NA
"DOCK",2026-03-12 17:50:30,NA,NA,NA,NA,NA
"DOCK",2026-03-12 17:50:45,NA,NA,NA,NA,NA
"DOCK",2026-03-12 17:51:00,NA,NA,NA,NA,NA
"DOCK",2026-03-12 17:51:15,NA,NA,NA,NA,NA
"DOCK",2026-03-12 17:51:30,NA,NA,NA,NA,NA
"DOCK",2026-03-12 17:51:45,NA,NA,NA,NA,NA
"DOCK",2026-03-12 17:52:00,NA,NA,NA,NA,NA
"DOCK",2026-03-12 17:52:15,NA,NA,NA,NA,NA
"DOCK",2026-03-12 17:52:30,NA,NA,NA,NA,NA
"DOCK",2026-03-12 17:52:45,NA,NA,NA,NA,NA
"DOCK",2026-03-12 17:53:00,NA,NA,NA,NA,NA
"DOCK",2026-03-12 17:53:15,NA,NA,NA,NA,NA
"DOCK",2026-03-12 17:53:30,NA,NA,NA,NA,NA
"DOCK",2026-03-12 17:53:45,NA,NA,NA,NA,NA
"DOCK",2026-03-12 17:54:00,NA,NA,NA,NA,NA
"DOCK",2026-03-12 17:54:15,NA,NA,NA,NA,NA
"DOCK",2026-03-12 17:54:30,NA,NA,NA,NA,NA
"DOCK",2026-03-12 17:54:45,NA,NA,NA,NA,NA
"DOCK",2026-03-12 17:55:00,NA,NA,NA,NA,NA
"DOCK",2026-03-12 17:55:15,NA,NA,NA,NA,NA
"DOCK",2026-03-12 17:55:30,NA,NA,NA,NA,NA
"DOCK",2026-03-12 17:55:45,NA,NA,NA,NA,NA
"DOCK",2026-03-12 17:56:00,NA,NA,NA,NA,NA
"DOCK",2026-03-12 17:56:15,NA,NA,NA,NA,NA
"DOCK",2026-03-12 17:56:30,NA,NA,NA,NA,NA
"DOCK",2026-03-12 17:56:45,NA,NA,NA,NA,NA
"DOCK",2026-03-12 17:57:00,NA,NA,NA,NA,NA
"DOCK",2026-03-12 17:57:15,NA,NA,NA,NA,NA
"DOCK",2026-03-12 17:57:30,NA,NA,NA,NA,NA
"DOCK",2026-03-12 17:57:45,NA,NA,NA,NA,NA
"DOCK",2026-03-12 17:58:00,NA,NA,NA,NA,NA
"DOCK",2026-03-12 17:58:15,NA,NA,NA,NA,NA
"DOCK",2026-03-12 17:58:30,NA,NA,NA,NA,NA
"DOCK",2026-03-12 17:58:45,NA,NA,NA,NA,NA
"DOCK",2026-03-12 17:59:00,NA,NA,NA,NA,NA
"DOCK",2026-03-12 17:59:15,NA,NA,NA,NA,NA
"DOCK",2026-03-12 17:59:30,NA,NA,NA,NA,NA
"DOCK",2026-03-12 17:59:45,NA,NA,NA,NA,NA
"DOCK",2026-03-12 18:00:00,NA,NA,NA,NA,NA
"DOCK",2026-03-12 18:00:15,NA,NA,NA,NA,NA
"DOCK",2026-03-12 18:00:30,NA,NA,NA,NA,NA
"DOCK",2026-03-12 18:00:45,NA,NA,NA,NA,NA
"DOCK",2026-03-12 18:01:00,NA,NA,NA,NA,NA
"DOCK",2026-03-12 18:01:15,NA,NA,NA,NA,NA
"DOCK",2026-03-12 18:01:30,NA,NA,NA,NA,NA
"DOCK",2026-03-12 18:01:45,NA,NA,NA,NA,NA
"DOCK",2026-03-12 18:02:00,NA,NA,NA,NA,NA
"DOCK",2026-03-12 18:02:15,NA,NA,NA,NA,NA
"DOCK",2026-03-12 18:02:30,NA,NA,NA,NA,NA
"DOCK",2026-03-12 18:02:45,NA,NA,NA,NA,NA
"DOCK",2026-03-12 18:03:00,NA,NA,NA,NA,NA
"DOCK",2026-03-12 18:03:15,NA,NA,NA,NA,NA
"DOCK",2026-03-12 18:03:30,NA,NA,NA,NA,NA
"DOCK",2026-03-12 18:03:45,NA,NA,NA,NA,NA
"DOCK",2026-03-12 18:04:00,NA,NA,NA,NA,NA
"DOCK",2026-03-12 18:04:15,NA,NA,NA,NA,NA
"DOCK",2026-03-12 18:04:30,NA,NA,NA,NA,NA
"DOCK",2026-03-12 18:04:45,NA,NA,NA,NA,NA
"DOCK",2026-03-12 18:05:00,NA,NA,NA,NA,NA
"DOCK",2026-03-12 18:05:15,NA,NA,NA,NA,NA
"DOCK",2026-03-12 18:05:30,NA,NA,NA,NA,NA
"DOCK",2026-03-12 18:05:45,NA,NA,NA,NA,NA
"DOCK",2026-03-12 18:06:00,NA,NA,NA,NA,NA
"DOCK",2026-03-12 18:06:15,NA,NA,NA,NA,NA
"DOCK",2026-03-12 18:06:30,NA,NA,NA,NA,NA
"DOCK",2026-03-12 18:06:45,NA,NA,NA,NA,NA
"DOCK",2026-03-12 18:07:00,NA,NA,NA,NA,NA
"DOCK",2026-03-12 18:07:15,NA,NA,NA,NA,NA
"DOCK",2026-03-12 18:07:30,NA,NA,NA,NA,NA
"DOCK",2026-03-12 18:07:45,NA,NA,NA,NA,NA
"DOCK",2026-03-12 18:08:00,NA,NA,NA,NA,NA
"DOCK",2026-03-12 18:08:15,NA,NA,NA,NA,NA
"DOCK",2026-03-12 18:08:30,NA,NA,NA,NA,NA
"DOCK",2026-03-12 18:08:45,NA,NA,NA,NA,NA
"DOCK",2026-03-12 18:09:00,NA,NA,NA,NA,NA
"DOCK",2026-03-12 18:09:15,NA,NA,NA,NA,NA
"DOCK",2026-03-12 18:09:30,NA,NA,NA,NA,NA
"DOCK",2026-03-12 18:09:45,NA,NA,NA,NA,NA
"DOCK",2026-03-12 18:10:00,NA,NA,NA,NA,NA
"DOCK",2026-03-12 18:10:15,NA,NA,NA,NA,NA
"DOCK",2026-03-12 18:10:30,NA,NA,NA,NA,NA
"DOCK",2026-03-12 18:10:45,NA,NA,NA,NA,NA
"DOCK",2026-03-12 18:11:00,NA,NA,NA,NA,NA
"DOCK",2026-03-12 18:11:15,NA,NA,NA,NA,NA
"DOCK",2026-03-12 18:11:30,NA,NA,NA,NA,NA
"DOCK",2026-03-12 18:11:45,NA,NA,NA,NA,NA
"DOCK",2026-03-12 18:12:00,NA,NA,NA,NA,NA
"DOCK",2026-03-12 18:12:15,NA,NA,NA,NA,NA
"DOCK",2026-03-12 18:12:30,NA,NA,NA,NA,NA
"DOCK",2026-03-12 18:12:45,NA,NA,NA,NA,NA
"DOCK",2026-03-12 18:13:00,NA,NA,NA,NA,NA
"DOCK",2026-03-12 18:13:15,NA,NA,NA,NA,NA
"DOCK",2026-03-12 18:13:30,NA,NA,NA,NA,NA
"DOCK",2026-03-12 18:13:45,NA,NA,NA,NA,NA
"DOCK",2026-03-12 18:14:00,NA,NA,NA,NA,NA
"DOCK",2026-03-12 18:14:15,NA,NA,NA,NA,NA
"DOCK",2026-03-12 18:14:30,NA,NA,NA,NA,NA
"DOCK",2026-03-12 18:14:45,NA,NA,NA,NA,NA
"DOCK",2026-03-12 18:15:00,NA,NA,NA,NA,NA
"DOCK",2026-03-12 18:15:15,NA,NA,NA,NA,NA
"DOCK",2026-03-12 18:15:30,NA,NA,NA,NA,NA
"DOCK",2026-03-12 18:15:45,NA,NA,NA,NA,NA
"DOCK",2026-03-12 18:16:00,NA,NA,NA,NA,NA
"DOCK",2026-03-12 18:16:15,NA,NA,NA,NA,NA
"DOCK",2026-03-12 18:16:30,NA,NA,NA,NA,NA
"DOCK",2026-03-12 18:16:45,NA,NA,NA,NA,NA
"DOCK",2026-03-12 18:17:00,NA,NA,NA,NA,NA
"DOCK",2026-03-12 18:17:15,NA,NA,NA,NA,NA
"DOCK",2026-03-12 18:17:30,NA,NA,NA,NA,NA
"DOCK",2026-03-12 18:17:45,NA,NA,NA,NA,NA
"DOCK",2026-03-12 18:18:00,NA,NA,NA,NA,NA
"DOCK",2026-03-12 18:18:15,NA,NA,NA,NA,NA
"DOCK",2026-03-12 18:18:30,NA,NA,NA,NA,NA
"DOCK",2026-03-12 18:18:45,NA,NA,NA,NA,NA
"DOCK",2026-03-12 18:19:00,NA,NA,NA,NA,NA
"DOCK",2026-03-12 18:19:15,NA,NA,NA,NA,NA
"DOCK",2026-03-12 18:19:30,NA,NA,NA,NA,NA
"DOCK",2026-03-12 18:19:45,NA,NA,NA,NA,NA
"DOCK",2026-03-12 18:20:00,NA,NA,NA,NA,NA
"DOCK",2026-03-12 18:20:15,NA,NA,NA,NA,NA
"DOCK",2026-03-12 18:20:30,NA,NA,NA,NA,NA
"DOCK",2026-03-12 18:20:45,NA,NA,NA,NA,NA
"DOCK",2026-03-12 18:21:00,NA,NA,NA,NA,NA
"DOCK",2026-03-12 18:21:15,NA,NA,NA,NA,NA
"DOCK",2026-03-12 18:21:30,NA,NA,NA,NA,NA
"DOCK",2026-03-12 18:21:45,NA,NA,NA,NA,NA
"DOCK",2026-03-12 18:22:00,NA,NA,NA,NA,NA
"DOCK",2026-03-12 18:22:15,NA,NA,NA,NA,NA
"DOCK",2026-03-12 18:22:30,NA,NA,NA,NA,NA
"DOCK",2026-03-12 18:22:45,NA,NA,NA,NA,NA
"DOCK",2026-03-12 18:23:00,NA,NA,NA,NA,NA
"DOCK",2026-03-12 18:23:15,NA,NA,NA,NA,NA
"DOCK",2026-03-12 18:23:30,NA,NA,NA,NA,NA
"DOCK",2026-03-12 18:23:45,NA,NA,NA,NA,NA
"DOCK",2026-03-12 18:24:00,NA,NA,NA,NA,NA
"DOCK",2026-03-12 18:24:15,NA,NA,NA,NA,NA
"DOCK",2026-03-12 18:24:30,NA,NA,NA,NA,NA
"DOCK",2026-03-12 18:24:45,NA,NA,NA,NA,NA
"DOCK",2026-03-12 18:25:00,NA,NA,NA,NA,NA
"DOCK",2026-03-12 18:25:15,NA,NA,NA,NA,NA
"DOCK",2026-03-12 18:25:30,NA,NA,NA,NA,NA
"DOCK",2026-03-12 18:25:45,NA,NA,NA,NA,NA
"DOCK",2026-03-12 18:26:00,NA,NA,NA,NA,NA
"DOCK",2026-03-12 18:26:15,NA,NA,NA,NA,NA
"DOCK",2026-03-12 18:26:30,NA,NA,NA,NA,NA
"DOCK",2026-03-12 18:26:45,NA,NA,NA,NA,NA
"DOCK",2026-03-12 18:27:00,NA,NA,NA,NA,NA
"DOCK",2026-03-12 18:27:15,NA,NA,NA,NA,NA
"DOCK",2026-03-12 18:27:30,NA,NA,NA,NA,NA
"DOCK",2026-03-12 18:27:45,NA,NA,NA,NA,NA
"DOCK",2026-03-12 18:28:00,NA,NA,NA,NA,NA
"DOCK",2026-03-12 18:28:15,NA,NA,NA,NA,NA
"DOCK",2026-03-12 18:28:30,NA,NA,NA,NA,NA
"DOCK",2026-03-12 18:28:45,NA,NA,NA,NA,NA
"DOCK",2026-03-12 18:29:00,NA,NA,NA,NA,NA
"DOCK",2026-03-12 18:29:15,NA,NA,NA,NA,NA
"DOCK",2026-03-12 18:29:30,NA,NA,NA,NA,NA
"DOCK",2026-03-12 18:29:45,NA,NA,NA,NA,NA
"DOCK",2026-03-12 18:30:00,NA,NA,NA,NA,NA
"DOCK",2026-03-12 18:30:15,NA,NA,NA,NA,NA
"DOCK",2026-03-12 18:30:30,NA,NA,NA,NA,NA
"DOCK",2026-03-12 18:30:45,NA,NA,NA,NA,NA
"DOCK",2026-03-12 18:31:00,NA,NA,NA,NA,NA
"DOCK",2026-03-12 18:31:15,NA,NA,NA,NA,NA
"DOCK",2026-03-12 18:31:30,NA,NA,NA,NA,NA
"DOCK",2026-03-12 18:31:45,NA,NA,NA,NA,NA
"DOCK",2026-03-12 18:32:00,NA,NA,NA,NA,NA
"DOCK",2026-03-12 18:32:15,NA,NA,NA,NA,NA
"DOCK",2026-03-12 18:32:30,NA,NA,NA,NA,NA
"DOCK",2026-03-12 18:32:45,NA,NA,NA,NA,NA
"DOCK",2026-03-12 18:33:00,NA,NA,NA,NA,NA
"DOCK",2026-03-12 18:33:15,NA,NA,NA,NA,NA
"DOCK",2026-03-12 18:33:30,NA,NA,NA,NA,NA
"DOCK",2026-03-12 18:33:45,NA,NA,NA,NA,NA
"DOCK",2026-03-12 18:34:00,NA,NA,NA,NA,NA
"DOCK",2026-03-12 18:34:15,NA,NA,NA,NA,NA
"DOCK",2026-03-12 18:34:30,NA,NA,NA,NA,NA
"DOCK",2026-03-12 18:34:45,NA,NA,NA,NA,NA
"DOCK",2026-03-12 18:35:00,NA,NA,NA,NA,NA
"DOCK",2026-03-12 18:35:15,NA,NA,NA,NA,NA
"DOCK",2026-03-12 18:35:30,NA,NA,NA,NA,NA
"DOCK",2026-03-12 18:35:45,NA,NA,NA,NA,NA
"DOCK",2026-03-12 18:36:00,NA,NA,NA,NA,NA
"DOCK",2026-03-12 18:36:15,NA,NA,NA,NA,NA
"DOCK",2026-03-12 18:36:30,NA,NA,NA,NA,NA
"DOCK",2026-03-12 18:36:45,NA,NA,NA,NA,NA
"DOCK",2026-03-12 18:37:00,NA,NA,NA,NA,NA
"DOCK",2026-03-12 18:37:15,NA,NA,NA,NA,NA
"DOCK",2026-03-12 18:37:30,NA,NA,NA,NA,NA
"DOCK",2026-03-12 18:37:45,NA,NA,NA,NA,NA
"DOCK",2026-03-12 18:38:00,NA,NA,NA,NA,NA
"DOCK",2026-03-12 18:38:15,NA,NA,NA,NA,NA
"DOCK",2026-03-12 18:38:30,NA,NA,NA,NA,NA
"DOCK",2026-03-12 18:38:45,NA,NA,NA,NA,NA
"DOCK",2026-03-12 18:39:00,NA,NA,NA,NA,NA
"DOCK",2026-03-12 18:39:15,NA,NA,NA,NA,NA
"DOCK",2026-03-12 18:39:30,NA,NA,NA,NA,NA
"DOCK",2026-03-12 18:39:45,NA,NA,NA,NA,NA
"DOCK",2026-03-12 18:40:00,NA,NA,NA,NA,NA
"DOCK",2026-03-12 18:40:15,NA,NA,NA,NA,NA
"DOCK",2026-03-12 18:40:30,NA,NA,NA,NA,NA
"DOCK",2026-03-12 18:40:45,NA,NA,NA,NA,NA
"DOCK",2026-03-12 18:41:00,NA,NA,NA,NA,NA
"DOCK",2026-03-12 18:41:15,NA,NA,NA,NA,NA
"DOCK",2026-03-12 18:41:30,NA,NA,NA,NA,NA
"DOCK",2026-03-12 18:41:45,NA,NA,NA,NA,NA
"DOCK",2026-03-12 18:42:00,NA,NA,NA,NA,NA
"DOCK",2026-03-12 18:42:15,NA,NA,NA,NA,NA
"DOCK",2026-03-12 18:42:30,NA,NA,NA,NA,NA
"DOCK",2026-03-12 18:42:45,NA,NA,NA,NA,NA
"DOCK",2026-03-12 18:43:00,NA,NA,NA,NA,NA
"DOCK",2026-03-12 18:43:15,NA,NA,NA,NA,NA
"DOCK",2026-03-12 18:43:30,NA,NA,NA,NA,NA
"DOCK",2026-03-12 18:43:45,NA,NA,NA,NA,NA
"DOCK",2026-03-12 18:44:00,NA,NA,NA,NA,NA
"DOCK",2026-03-12 18:44:15,NA,NA,NA,NA,NA
"DOCK",2026-03-12 18:44:30,NA,NA,NA,NA,NA
"DOCK",2026-03-12 18:44:45,NA,NA,NA,NA,NA
"DOCK",2026-03-12 18:45:00,NA,NA,NA,NA,NA
"DOCK",2026-03-12 18:45:15,NA,NA,NA,NA,NA
"DOCK",2026-03-12 18:45:30,NA,NA,NA,NA,NA
"DOCK",2026-03-12 18:45:45,NA,NA,NA,NA,NA
"DOCK",2026-03-12 18:46:00,NA,NA,NA,NA,NA
"DOCK",2026-03-12 18:46:15,NA,NA,NA,NA,NA
"DOCK",2026-03-12 18:46:30,NA,NA,NA,NA,NA
"DOCK",2026-03-12 18:46:45,NA,NA,NA,NA,NA
"DOCK",2026-03-12 18:47:00,NA,NA,NA,NA,NA
"DOCK",2026-03-12 18:47:15,NA,NA,NA,NA,NA
"DOCK",2026-03-12 18:47:30,NA,NA,NA,NA,NA
"DOCK",2026-03-12 18:47:45,NA,NA,NA,NA,NA
"DOCK",2026-03-12 18:48:00,NA,NA,NA,NA,NA
"DOCK",2026-03-12 18:48:15,NA,NA,NA,NA,NA
"DOCK",2026-03-12 18:48:30,NA,NA,NA,NA,NA
"DOCK",2026-03-12 18:48:45,NA,NA,NA,NA,NA
"DOCK",2026-03-12 18:49:00,NA,NA,NA,NA,NA
"DOCK",2026-03-12 18:49:15,NA,NA,NA,NA,NA
"DOCK",2026-03-12 18:49:30,NA,NA,NA,NA,NA
"DOCK",2026-03-12 18:49:45,NA,NA,NA,NA,NA
"DOCK",2026-03-12 18:50:00,NA,NA,NA,NA,NA
"DOCK",2026-03-12 18:50:15,NA,NA,NA,NA,NA
"DOCK",2026-03-12 18:50:30,NA,NA,NA,NA,NA
"DOCK",2026-03-12 18:50:45,NA,NA,NA,NA,NA
"DOCK",2026-03-12 18:51:00,NA,NA,NA,NA,NA
"DOCK",2026-03-12 18:51:15,NA,NA,NA,NA,NA
"DOCK",2026-03-12 18:51:30,NA,NA,NA,NA,NA
"DOCK",2026-03-12 18:51:45,NA,NA,NA,NA,NA
"DOCK",2026-03-12 18:52:00,NA,NA,NA,NA,NA
"DOCK",2026-03-12 18:52:15,NA,NA,NA,NA,NA
"DOCK",2026-03-12 18:52:30,NA,NA,NA,NA,NA
"DOCK",2026-03-12 18:52:45,NA,NA,NA,NA,NA
"DOCK",2026-03-12 18:53:00,NA,NA,NA,NA,NA
"DOCK",2026-03-12 18:53:15,NA,NA,NA,NA,NA
"DOCK",2026-03-12 18:53:30,NA,NA,NA,NA,NA
"DOCK",2026-03-12 18:53:45,NA,NA,NA,NA,NA
"DOCK",2026-03-12 18:54:00,NA,NA,NA,NA,NA
"DOCK",2026-03-12 18:54:15,NA,NA,NA,NA,NA
"DOCK",2026-03-12 18:54:30,NA,NA,NA,NA,NA
"DOCK",2026-03-12 18:54:45,NA,NA,NA,NA,NA
"DOCK",2026-03-12 18:55:00,NA,NA,NA,NA,NA
"DOCK",2026-03-12 18:55:15,NA,NA,NA,NA,NA
"DOCK",2026-03-12 18:55:30,NA,NA,NA,NA,NA
"DOCK",2026-03-12 18:55:45,NA,NA,NA,NA,NA
"DOCK",2026-03-12 18:56:00,NA,NA,NA,NA,NA
"DOCK",2026-03-12 18:56:15,NA,NA,NA,NA,NA
"DOCK",2026-03-12 18:56:30,NA,NA,NA,NA,NA
"DOCK",2026-03-12 18:56:45,NA,NA,NA,NA,NA
"DOCK",2026-03-12 18:57:00,NA,NA,NA,NA,NA
"DOCK",2026-03-12 18:57:15,NA,NA,NA,NA,NA
"DOCK",2026-03-12 18:57:30,NA,NA,NA,NA,NA
"DOCK",2026-03-12 18:57:45,NA,NA,NA,NA,NA
"DOCK",2026-03-12 18:58:00,NA,NA,NA,NA,NA
"DOCK",2026-03-12 18:58:15,NA,NA,NA,NA,NA
"DOCK",2026-03-12 18:58:30,NA,NA,NA,NA,NA
"DOCK",2026-03-12 18:58:45,NA,NA,NA,NA,NA
"DOCK",2026-03-12 18:59:00,NA,NA,NA,NA,NA
"DOCK",2026-03-12 18:59:15,NA,NA,NA,NA,NA
"DOCK",2026-03-12 18:59:30,NA,NA,NA,NA,NA
"DOCK",2026-03-12 18:59:45,NA,NA,NA,NA,NA
"DOCK",2026-03-12 19:00:00,NA,NA,NA,NA,NA
"DOCK",2026-03-12 19:00:15,NA,NA,NA,NA,NA
"DOCK",2026-03-12 19:00:30,NA,NA,NA,NA,NA
"DOCK",2026-03-12 19:00:45,NA,NA,NA,NA,NA
"DOCK",2026-03-12 19:01:00,NA,NA,NA,NA,NA
"DOCK",2026-03-12 19:01:15,NA,NA,NA,NA,NA
"DOCK",2026-03-12 19:01:30,NA,NA,NA,NA,NA
"DOCK",2026-03-12 19:01:45,NA,NA,NA,NA,NA
"DOCK",2026-03-12 19:02:00,NA,NA,NA,NA,NA
"DOCK",2026-03-12 19:02:15,NA,NA,NA,NA,NA
"DOCK",2026-03-12 19:02:30,NA,NA,NA,NA,NA
"DOCK",2026-03-12 19:02:45,NA,NA,NA,NA,NA
"DOCK",2026-03-12 19:03:00,NA,NA,NA,NA,NA
"DOCK",2026-03-12 19:03:15,NA,NA,NA,NA,NA
"DOCK",2026-03-12 19:03:30,NA,NA,NA,NA,NA
"DOCK",2026-03-12 19:03:45,NA,NA,NA,NA,NA
"DOCK",2026-03-12 19:04:00,NA,NA,NA,NA,NA
"DOCK",2026-03-12 19:04:15,NA,NA,NA,NA,NA
"DOCK",2026-03-12 19:04:30,NA,NA,NA,NA,NA
"DOCK",2026-03-12 19:04:45,NA,NA,NA,NA,NA
"DOCK",2026-03-12 19:05:00,NA,NA,NA,NA,NA
"DOCK",2026-03-12 19:05:15,NA,NA,NA,NA,NA
"DOCK",2026-03-12 19:05:30,NA,NA,NA,NA,NA
"DOCK",2026-03-12 19:05:45,NA,NA,NA,NA,NA
"DOCK",2026-03-12 19:06:00,NA,NA,NA,NA,NA
"DOCK",2026-03-12 19:06:15,NA,NA,NA,NA,NA
"DOCK",2026-03-12 19:06:30,NA,NA,NA,NA,NA
"DOCK",2026-03-12 19:06:45,NA,NA,NA,NA,NA
"DOCK",2026-03-12 19:07:00,NA,NA,NA,NA,NA
"DOCK",2026-03-12 19:07:15,NA,NA,NA,NA,NA
"DOCK",2026-03-12 19:07:30,NA,NA,NA,NA,NA
"DOCK",2026-03-12 19:07:45,NA,NA,NA,NA,NA
"DOCK",2026-03-12 19:08:00,NA,NA,NA,NA,NA
"DOCK",2026-03-12 19:08:15,NA,NA,NA,NA,NA
"DOCK",2026-03-12 19:08:30,NA,NA,NA,NA,NA
"DOCK",2026-03-12 19:08:45,NA,NA,NA,NA,NA
"DOCK",2026-03-12 19:09:00,NA,NA,NA,NA,NA
"DOCK",2026-03-12 19:09:15,NA,NA,NA,NA,NA
"DOCK",2026-03-12 19:09:30,NA,NA,NA,NA,NA
"DOCK",2026-03-12 19:09:45,NA,NA,NA,NA,NA
"DOCK",2026-03-12 19:10:00,NA,NA,NA,NA,NA
"DOCK",2026-03-12 19:10:15,NA,NA,NA,NA,NA
"DOCK",2026-03-12 19:10:30,NA,NA,NA,NA,NA
"DOCK",2026-03-12 19:10:45,NA,NA,NA,NA,NA
"DOCK",2026-03-12 19:11:00,NA,NA,NA,NA,NA
"DOCK",2026-03-12 19:11:15,NA,NA,NA,NA,NA
"DOCK",2026-03-12 19:11:30,NA,NA,NA,NA,NA
"DOCK",2026-03-12 19:11:45,NA,NA,NA,NA,NA
"DOCK",2026-03-12 19:12:00,NA,NA,NA,NA,NA
"DOCK",2026-03-12 19:12:15,NA,NA,NA,NA,NA
"DOCK",2026-03-12 19:12:30,NA,NA,NA,NA,NA
"DOCK",2026-03-12 19:12:45,NA,NA,NA,NA,NA
"DOCK",2026-03-12 19:13:00,NA,NA,NA,NA,NA
"DOCK",2026-03-12 19:13:15,NA,NA,NA,NA,NA
"DOCK",2026-03-12 19:13:30,NA,NA,NA,NA,NA
"DOCK",2026-03-12 19:13:45,NA,NA,NA,NA,NA
"DOCK",2026-03-12 19:14:00,NA,NA,NA,NA,NA
"DOCK",2026-03-12 19:14:15,NA,NA,NA,NA,NA
"DOCK",2026-03-12 19:14:30,NA,NA,NA,NA,NA
"DOCK",2026-03-12 19:14:45,NA,NA,NA,NA,NA
"DOCK",2026-03-12 19:15:00,NA,NA,NA,NA,NA
"DOCK",2026-03-12 19:15:15,NA,NA,NA,NA,NA
"DOCK",2026-03-12 19:15:30,NA,NA,NA,NA,NA
"DOCK",2026-03-12 19:15:45,NA,NA,NA,NA,NA
"DOCK",2026-03-12 19:16:00,NA,NA,NA,NA,NA
"DOCK",2026-03-12 19:16:15,NA,NA,NA,NA,NA
"DOCK",2026-03-12 19:16:30,NA,NA,NA,NA,NA
"DOCK",2026-03-12 19:16:45,NA,NA,NA,NA,NA
"DOCK",2026-03-12 19:17:00,NA,NA,NA,NA,NA
"DOCK",2026-03-12 19:17:15,NA,NA,NA,NA,NA
"DOCK",2026-03-12 19:17:30,NA,NA,NA,NA,NA
"DOCK",2026-03-12 19:17:45,NA,NA,NA,NA,NA
"DOCK",2026-03-12 19:18:00,NA,NA,NA,NA,NA
"DOCK",2026-03-12 19:18:15,NA,NA,NA,NA,NA
"DOCK",2026-03-12 19:18:30,NA,NA,NA,NA,NA
"DOCK",2026-03-12 19:18:45,NA,NA,NA,NA,NA
"DOCK",2026-03-12 19:19:00,NA,NA,NA,NA,NA
"DOCK",2026-03-12 19:19:15,NA,NA,NA,NA,NA
"DOCK",2026-03-12 19:19:30,NA,NA,NA,NA,NA
"DOCK",2026-03-12 19:19:45,NA,NA,NA,NA,NA
"DOCK",2026-03-12 19:20:00,NA,NA,NA,NA,NA
"DOCK",2026-03-12 19:20:15,NA,NA,NA,NA,NA
"DOCK",2026-03-12 19:20:30,NA,NA,NA,NA,NA
"DOCK",2026-03-12 19:20:45,NA,NA,NA,NA,NA
"DOCK",2026-03-12 19:21:00,NA,NA,NA,NA,NA
"DOCK",2026-03-12 19:21:15,NA,NA,NA,NA,NA
"DOCK",2026-03-12 19:21:30,NA,NA,NA,NA,NA
"DOCK",2026-03-12 19:21:45,NA,NA,NA,NA,NA
"DOCK",2026-03-12 19:22:00,NA,NA,NA,NA,NA
"DOCK",2026-03-12 19:22:15,NA,NA,NA,NA,NA
"DOCK",2026-03-12 19:22:30,NA,NA,NA,NA,NA
"DOCK",2026-03-12 19:22:45,NA,NA,NA,NA,NA
"DOCK",2026-03-12 19:23:00,NA,NA,NA,NA,NA
"DOCK",2026-03-12 19:23:15,NA,NA,NA,NA,NA
"DOCK",2026-03-12 19:23:30,NA,NA,NA,NA,NA
"DOCK",2026-03-12 19:23:45,NA,NA,NA,NA,NA
"DOCK",2026-03-12 19:24:00,NA,NA,NA,NA,NA
"DOCK",2026-03-12 19:24:15,NA,NA,NA,NA,NA
"DOCK",2026-03-12 19:24:30,NA,NA,NA,NA,NA
"DOCK",2026-03-12 19:24:45,NA,NA,NA,NA,NA
"DOCK",2026-03-12 19:25:00,NA,NA,NA,NA,NA
"DOCK",2026-03-12 19:25:15,NA,NA,NA,NA,NA
"DOCK",2026-03-12 19:25:30,NA,NA,NA,NA,NA
"DOCK",2026-03-12 19:25:45,NA,NA,NA,NA,NA
"DOCK",2026-03-12 19:26:00,NA,NA,NA,NA,NA
"DOCK",2026-03-12 19:26:15,NA,NA,NA,NA,NA
"DOCK",2026-03-12 19:26:30,NA,NA,NA,NA,NA
"DOCK",2026-03-12 19:26:45,NA,NA,NA,NA,NA
"DOCK",2026-03-12 19:27:00,NA,NA,NA,NA,NA
"DOCK",2026-03-12 19:27:15,NA,NA,NA,NA,NA
"DOCK",2026-03-12 19:27:30,NA,NA,NA,NA,NA
"DOCK",2026-03-12 19:27:45,NA,NA,NA,NA,NA
"DOCK",2026-03-12 19:28:00,NA,NA,NA,NA,NA
"DOCK",2026-03-12 19:28:15,NA,NA,NA,NA,NA
"DOCK",2026-03-12 19:28:30,NA,NA,NA,NA,NA
"DOCK",2026-03-12 19:28:45,NA,NA,NA,NA,NA
"DOCK",2026-03-12 19:29:00,NA,NA,NA,NA,NA
"DOCK",2026-03-12 19:29:15,NA,NA,NA,NA,NA
"DOCK",2026-03-12 19:29:30,NA,NA,NA,NA,NA
"DOCK",2026-03-12 19:29:45,NA,NA,NA,NA,NA
"DOCK",2026-03-12 19:30:00,NA,NA,NA,NA,NA
"DOCK",2026-03-12 19:30:15,NA,NA,NA,NA,NA
"DOCK",2026-03-12 19:30:30,NA,NA,NA,NA,NA
"DOCK",2026-03-12 19:30:45,NA,NA,NA,NA,NA
"DOCK",2026-03-12 19:31:00,NA,NA,NA,NA,NA
"DOCK",2026-03-12 19:31:15,NA,NA,NA,NA,NA
"DOCK",2026-03-12 19:31:30,NA,NA,NA,NA,NA
"DOCK",2026-03-12 19:31:45,NA,NA,NA,NA,NA
"DOCK",2026-03-12 19:32:00,NA,NA,NA,NA,NA
"DOCK",2026-03-12 19:32:15,NA,NA,NA,NA,NA
"DOCK",2026-03-12 19:32:30,NA,NA,NA,NA,NA
"DOCK",2026-03-12 19:32:45,NA,NA,NA,NA,NA
"DOCK",2026-03-12 19:33:00,NA,NA,NA,NA,NA
"DOCK",2026-03-12 19:33:15,NA,NA,NA,NA,NA
"DOCK",2026-03-12 19:33:30,NA,NA,NA,NA,NA
"DOCK",2026-03-12 19:33:45,NA,NA,NA,NA,NA
"DOCK",2026-03-12 19:34:00,NA,NA,NA,NA,NA
"DOCK",2026-03-12 19:34:15,NA,NA,NA,NA,NA
"DOCK",2026-03-12 19:34:30,NA,NA,NA,NA,NA
"DOCK",2026-03-12 19:34:45,NA,NA,NA,NA,NA
"DOCK",2026-03-12 19:35:00,NA,NA,NA,NA,NA
"DOCK",2026-03-12 19:35:15,NA,NA,NA,NA,NA
"DOCK",2026-03-12 19:35:30,NA,NA,NA,NA,NA
"DOCK",2026-03-12 19:35:45,NA,NA,NA,NA,NA
"DOCK",2026-03-12 19:36:00,NA,NA,NA,NA,NA
"DOCK",2026-03-12 19:36:15,NA,NA,NA,NA,NA
"DOCK",2026-03-12 19:36:30,NA,NA,NA,NA,NA
"DOCK",2026-03-12 19:36:45,NA,NA,NA,NA,NA
"DOCK",2026-03-12 19:37:00,NA,NA,NA,NA,NA
"DOCK",2026-03-12 19:37:15,NA,NA,NA,NA,NA
"DOCK",2026-03-12 19:37:30,NA,NA,NA,NA,NA
"DOCK",2026-03-12 19:37:45,NA,NA,NA,NA,NA
"DOCK",2026-03-12 19:38:00,NA,NA,NA,NA,NA
"DOCK",2026-03-12 19:38:15,NA,NA,NA,NA,NA
"DOCK",2026-03-12 19:38:30,NA,NA,NA,NA,NA
"DOCK",2026-03-12 19:38:45,NA,NA,NA,NA,NA
"DOCK",2026-03-12 19:39:00,NA,NA,NA,NA,NA
"DOCK",2026-03-12 19:39:15,NA,NA,NA,NA,NA
"DOCK",2026-03-12 19:39:30,NA,NA,NA,NA,NA
"DOCK",2026-03-12 19:39:45,NA,NA,NA,NA,NA
"DOCK",2026-03-12 19:40:00,NA,NA,NA,NA,NA
"DOCK",2026-03-12 19:40:15,NA,NA,NA,NA,NA
"DOCK",2026-03-12 19:40:30,NA,NA,NA,NA,NA
"DOCK",2026-03-12 19:40:45,NA,NA,NA,NA,NA
"DOCK",2026-03-12 19:41:00,NA,NA,NA,NA,NA
"DOCK",2026-03-12 19:41:15,NA,NA,NA,NA,NA
"DOCK",2026-03-12 19:41:30,NA,NA,NA,NA,NA
"DOCK",2026-03-12 19:41:45,NA,NA,NA,NA,NA
"DOCK",2026-03-12 19:42:00,NA,NA,NA,NA,NA
"DOCK",2026-03-12 19:42:15,NA,NA,NA,NA,NA
"DOCK",2026-03-12 19:42:30,NA,NA,NA,NA,NA
"DOCK",2026-03-12 19:42:45,NA,NA,NA,NA,NA
"DOCK",2026-03-12 19:43:00,NA,NA,NA,NA,NA
"DOCK",2026-03-12 19:43:15,NA,NA,NA,NA,NA
"DOCK",2026-03-12 19:43:30,NA,NA,NA,NA,NA
"DOCK",2026-03-12 19:43:45,NA,NA,NA,NA,NA
"DOCK",2026-03-12 19:44:00,NA,NA,NA,NA,NA
"DOCK",2026-03-12 19:44:15,NA,NA,NA,NA,NA
"DOCK",2026-03-12 19:44:30,NA,NA,NA,NA,NA
"DOCK",2026-03-12 19:44:45,NA,NA,NA,NA,NA
"DOCK",2026-03-12 19:45:00,NA,NA,NA,NA,NA
"DOCK",2026-03-12 19:45:15,NA,NA,NA,NA,NA
"DOCK",2026-03-12 19:45:30,NA,NA,NA,NA,NA
"DOCK",2026-03-12 19:45:45,NA,NA,NA,NA,NA
"DOCK",2026-03-12 19:46:00,NA,NA,NA,NA,NA
"DOCK",2026-03-12 19:46:15,NA,NA,NA,NA,NA
"DOCK",2026-03-12 19:46:30,NA,NA,NA,NA,NA
"DOCK",2026-03-12 19:46:45,NA,NA,NA,NA,NA
"DOCK",2026-03-12 19:47:00,NA,NA,NA,NA,NA
"DOCK",2026-03-12 19:47:15,NA,NA,NA,NA,NA
"DOCK",2026-03-12 19:47:30,NA,NA,NA,NA,NA
"DOCK",2026-03-12 19:47:45,NA,NA,NA,NA,NA
"DOCK",2026-03-12 19:48:00,NA,NA,NA,NA,NA
"DOCK",2026-03-12 19:48:15,NA,NA,NA,NA,NA
"DOCK",2026-03-12 19:48:30,NA,NA,NA,NA,NA
"DOCK",2026-03-12 19:48:45,NA,NA,NA,NA,NA
"DOCK",2026-03-12 19:49:00,NA,NA,NA,NA,NA
"DOCK",2026-03-12 19:49:15,NA,NA,NA,NA,NA
"DOCK",2026-03-12 19:49:30,NA,NA,NA,NA,NA
"DOCK",2026-03-12 19:49:45,NA,NA,NA,NA,NA
"DOCK",2026-03-12 19:50:00,NA,NA,NA,NA,NA
"DOCK",2026-03-12 19:50:15,NA,NA,NA,NA,NA
"DOCK",2026-03-12 19:50:30,NA,NA,NA,NA,NA
"DOCK",2026-03-12 19:50:45,NA,NA,NA,NA,NA
"DOCK",2026-03-12 19:51:00,NA,NA,NA,NA,NA
"DOCK",2026-03-12 19:51:15,NA,NA,NA,NA,NA
"DOCK",2026-03-12 19:51:30,NA,NA,NA,NA,NA
"DOCK",2026-03-12 19:51:45,NA,NA,NA,NA,NA
"DOCK",2026-03-12 19:52:00,NA,NA,NA,NA,NA
"DOCK",2026-03-12 19:52:15,NA,NA,NA,NA,NA
"DOCK",2026-03-12 19:52:30,NA,NA,NA,NA,NA
"DOCK",2026-03-12 19:52:45,NA,NA,NA,NA,NA
"DOCK",2026-03-12 19:53:00,NA,NA,NA,NA,NA
"DOCK",2026-03-12 19:53:15,NA,NA,NA,NA,NA
"DOCK",2026-03-12 19:53:30,NA,NA,NA,NA,NA
"DOCK",2026-03-12 19:53:45,NA,NA,NA,NA,NA
"DOCK",2026-03-12 19:54:00,NA,NA,NA,NA,NA
"DOCK",2026-03-12 19:54:15,NA,NA,NA,NA,NA
"DOCK",2026-03-12 19:54:30,NA,NA,NA,NA,NA
"DOCK",2026-03-12 19:54:45,NA,NA,NA,NA,NA
"DOCK",2026-03-12 19:55:00,NA,NA,NA,NA,NA
"DOCK",2026-03-12 19:55:15,NA,NA,NA,NA,NA
"DOCK",2026-03-12 19:55:30,NA,NA,NA,NA,NA
"DOCK",2026-03-12 19:55:45,NA,NA,NA,NA,NA
"DOCK",2026-03-12 19:56:00,NA,NA,NA,NA,NA
"DOCK",2026-03-12 19:56:15,NA,NA,NA,NA,NA
"DOCK",2026-03-12 19:56:30,NA,NA,NA,NA,NA
"DOCK",2026-03-12 19:56:45,NA,NA,NA,NA,NA
"DOCK",2026-03-12 19:57:00,NA,NA,NA,NA,NA
"DOCK",2026-03-12 19:57:15,NA,NA,NA,NA,NA
"DOCK",2026-03-12 19:57:30,NA,NA,NA,NA,NA
"DOCK",2026-03-12 19:57:45,NA,NA,NA,NA,NA
"DOCK",2026-03-12 19:58:00,NA,NA,NA,NA,NA
"DOCK",2026-03-12 19:58:15,NA,NA,NA,NA,NA
"DOCK",2026-03-12 19:58:30,NA,NA,NA,NA,NA
"DOCK",2026-03-12 19:58:45,NA,NA,NA,NA,NA
"DOCK",2026-03-12 19:59:00,NA,NA,NA,NA,NA
"DOCK",2026-03-12 19:59:15,NA,NA,NA,NA,NA
"DOCK",2026-03-12 19:59:30,NA,NA,NA,NA,NA
"DOCK",2026-03-12 19:59:45,NA,NA,NA,NA,NA
"DOCK",2026-03-12 20:00:00,NA,NA,NA,NA,NA
"DOCK",2026-03-12 20:00:15,NA,NA,NA,NA,NA
"DOCK",2026-03-12 20:00:30,NA,NA,NA,NA,NA
"DOCK",2026-03-12 20:00:45,NA,NA,NA,NA,NA
"DOCK",2026-03-12 20:01:00,NA,NA,NA,NA,NA
"DOCK",2026-03-12 20:01:15,NA,NA,NA,NA,NA
"DOCK",2026-03-12 20:01:30,NA,NA,NA,NA,NA
"DOCK",2026-03-12 20:01:45,NA,NA,NA,NA,NA
"DOCK",2026-03-12 20:02:00,NA,NA,NA,NA,NA
"DOCK",2026-03-12 20:02:15,NA,NA,NA,NA,NA
"DOCK",2026-03-12 20:02:30,NA,NA,NA,NA,NA
"DOCK",2026-03-12 20:02:45,NA,NA,NA,NA,NA
"DOCK",2026-03-12 20:03:00,NA,NA,NA,NA,NA
"DOCK",2026-03-12 20:03:15,NA,NA,NA,NA,NA
"DOCK",2026-03-12 20:03:30,NA,NA,NA,NA,NA
"DOCK",2026-03-12 20:03:45,NA,NA,NA,NA,NA
"DOCK",2026-03-12 20:04:00,NA,NA,NA,NA,NA
"DOCK",2026-03-12 20:04:15,NA,NA,NA,NA,NA
"DOCK",2026-03-12 20:04:30,NA,NA,NA,NA,NA
"DOCK",2026-03-12 20:04:45,NA,NA,NA,NA,NA
"DOCK",2026-03-12 20:05:00,NA,NA,NA,NA,NA
"DOCK",2026-03-12 20:05:15,NA,NA,NA,NA,NA
"DOCK",2026-03-12 20:05:30,NA,NA,NA,NA,NA
"DOCK",2026-03-12 20:05:45,NA,NA,NA,NA,NA
"DOCK",2026-03-12 20:06:00,NA,NA,NA,NA,NA
"DOCK",2026-03-12 20:06:15,NA,NA,NA,NA,NA
"DOCK",2026-03-12 20:06:30,NA,NA,NA,NA,NA
"DOCK",2026-03-12 20:06:45,NA,NA,NA,NA,NA
"DOCK",2026-03-12 20:07:00,NA,NA,NA,NA,NA
"DOCK",2026-03-12 20:07:15,NA,NA,NA,NA,NA
"DOCK",2026-03-12 20:07:30,NA,NA,NA,NA,NA
"DOCK",2026-03-12 20:07:45,NA,NA,NA,NA,NA
"DOCK",2026-03-12 20:08:00,NA,NA,NA,NA,NA
"DOCK",2026-03-12 20:08:15,NA,NA,NA,NA,NA
"DOCK",2026-03-12 20:08:30,NA,NA,NA,NA,NA
"DOCK",2026-03-12 20:08:45,NA,NA,NA,NA,NA
"DOCK",2026-03-12 20:09:00,NA,NA,NA,NA,NA
"DOCK",2026-03-12 20:09:15,NA,NA,NA,NA,NA
"DOCK",2026-03-12 20:09:30,NA,NA,NA,NA,NA
"DOCK",2026-03-12 20:09:45,NA,NA,NA,NA,NA
"DOCK",2026-03-12 20:10:00,NA,NA,NA,NA,NA
"DOCK",2026-03-12 20:10:15,NA,NA,NA,NA,NA
"DOCK",2026-03-12 20:10:30,NA,NA,NA,NA,NA
"DOCK",2026-03-12 20:10:45,NA,NA,NA,NA,NA
"DOCK",2026-03-12 20:11:00,NA,NA,NA,NA,NA
"DOCK",2026-03-12 20:11:15,NA,NA,NA,NA,NA
"DOCK",2026-03-12 20:11:30,NA,NA,NA,NA,NA
"DOCK",2026-03-12 20:11:45,NA,NA,NA,NA,NA
"DOCK",2026-03-12 20:12:00,NA,NA,NA,NA,NA
"DOCK",2026-03-12 20:12:15,NA,NA,NA,NA,NA
"DOCK",2026-03-12 20:12:30,NA,NA,NA,NA,NA
"DOCK",2026-03-12 20:12:45,NA,NA,NA,NA,NA
"DOCK",2026-03-12 20:13:00,NA,NA,NA,NA,NA
"DOCK",2026-03-12 20:13:15,NA,NA,NA,NA,NA
"DOCK",2026-03-12 20:13:30,NA,NA,NA,NA,NA
"DOCK",2026-03-12 20:13:45,NA,NA,NA,NA,NA
"DOCK",2026-03-12 20:14:00,NA,NA,NA,NA,NA
"DOCK",2026-03-12 20:14:15,NA,NA,NA,NA,NA
"DOCK",2026-03-12 20:14:30,NA,NA,NA,NA,NA
"DOCK",2026-03-12 20:14:45,NA,NA,NA,NA,NA
"DOCK",2026-03-12 20:15:00,NA,NA,NA,NA,NA
"DOCK",2026-03-12 20:15:15,NA,NA,NA,NA,NA
"DOCK",2026-03-12 20:15:30,NA,NA,NA,NA,NA
"DOCK",2026-03-12 20:15:45,NA,NA,NA,NA,NA
"DOCK",2026-03-12 20:16:00,NA,NA,NA,NA,NA
"DOCK",2026-03-12 20:16:15,NA,NA,NA,NA,NA
"DOCK",2026-03-12 20:16:30,NA,NA,NA,NA,NA
"DOCK",2026-03-12 20:16:45,NA,NA,NA,NA,NA
"DOCK",2026-03-12 20:17:00,NA,NA,NA,NA,NA
"DOCK",2026-03-12 20:17:15,NA,NA,NA,NA,NA
"DOCK",2026-03-12 20:17:30,NA,NA,NA,NA,NA
"DOCK",2026-03-12 20:17:45,NA,NA,NA,NA,NA
"DOCK",2026-03-12 20:18:00,NA,NA,NA,NA,NA
"DOCK",2026-03-12 20:18:15,NA,NA,NA,NA,NA
"DOCK",2026-03-12 20:18:30,NA,NA,NA,NA,NA
"DOCK",2026-03-12 20:18:45,NA,NA,NA,NA,NA
"DOCK",2026-03-12 20:19:00,NA,NA,NA,NA,NA
"DOCK",2026-03-12 20:19:15,NA,NA,NA,NA,NA
"DOCK",2026-03-12 20:19:30,NA,NA,NA,NA,NA
"DOCK",2026-03-12 20:19:45,NA,NA,NA,NA,NA
"DOCK",2026-03-12 20:20:00,NA,NA,NA,NA,NA
"DOCK",2026-03-12 20:20:15,NA,NA,NA,NA,NA
"DOCK",2026-03-12 20:20:30,NA,NA,NA,NA,NA
"DOCK",2026-03-12 20:20:45,NA,NA,NA,NA,NA
"DOCK",2026-03-12 20:21:00,NA,NA,NA,NA,NA
"DOCK",2026-03-12 20:21:15,NA,NA,NA,NA,NA
"DOCK",2026-03-12 20:21:30,NA,NA,NA,NA,NA
"DOCK",2026-03-12 20:21:45,NA,NA,NA,NA,NA
"DOCK",2026-03-12 20:22:00,NA,NA,NA,NA,NA
"DOCK",2026-03-12 20:22:15,NA,NA,NA,NA,NA
"DOCK",2026-03-12 20:22:30,NA,NA,NA,NA,NA
"DOCK",2026-03-12 20:22:45,NA,NA,NA,NA,NA
"DOCK",2026-03-12 20:23:00,NA,NA,NA,NA,NA
"DOCK",2026-03-12 20:23:15,NA,NA,NA,NA,NA
"DOCK",2026-03-12 20:23:30,NA,NA,NA,NA,NA
"DOCK",2026-03-12 20:23:45,NA,NA,NA,NA,NA
"DOCK",2026-03-12 20:24:00,NA,NA,NA,NA,NA
"DOCK",2026-03-12 20:24:15,NA,NA,NA,NA,NA
"DOCK",2026-03-12 20:24:30,NA,NA,NA,NA,NA
"DOCK",2026-03-12 20:24:45,NA,NA,NA,NA,NA
"DOCK",2026-03-12 20:25:00,NA,NA,NA,NA,NA
"DOCK",2026-03-12 20:25:15,NA,NA,NA,NA,NA
"DOCK",2026-03-12 20:25:30,NA,NA,NA,NA,NA
"DOCK",2026-03-12 20:25:45,NA,NA,NA,NA,NA
"DOCK",2026-03-12 20:26:00,NA,NA,NA,NA,NA
"DOCK",2026-03-12 20:26:15,NA,NA,NA,NA,NA
"DOCK",2026-03-12 20:26:30,NA,NA,NA,NA,NA
"DOCK",2026-03-12 20:26:45,NA,NA,NA,NA,NA
"DOCK",2026-03-12 20:27:00,NA,NA,NA,NA,NA
"DOCK",2026-03-12 20:27:15,NA,NA,NA,NA,NA
"DOCK",2026-03-12 20:27:30,NA,NA,NA,NA,NA
"DOCK",2026-03-12 20:27:45,NA,NA,NA,NA,NA
"DOCK",2026-03-12 20:28:00,NA,NA,NA,NA,NA
"DOCK",2026-03-12 20:28:15,NA,NA,NA,NA,NA
"DOCK",2026-03-12 20:28:30,NA,NA,NA,NA,NA
"DOCK",2026-03-12 20:28:45,NA,NA,NA,NA,NA
"DOCK",2026-03-12 20:29:00,NA,NA,NA,NA,NA
"DOCK",2026-03-12 20:29:15,NA,NA,NA,NA,NA
"DOCK",2026-03-12 20:29:30,NA,NA,NA,NA,NA
"DOCK",2026-03-12 20:29:45,NA,NA,NA,NA,NA
"DOCK",2026-03-12 20:30:00,NA,NA,NA,NA,NA
"DOCK",2026-03-12 20:30:15,NA,NA,NA,NA,NA
"DOCK",2026-03-12 20:30:30,NA,NA,NA,NA,NA
"DOCK",2026-03-12 20:30:45,NA,NA,NA,NA,NA
"DOCK",2026-03-12 20:31:00,NA,NA,NA,NA,NA
"DOCK",2026-03-12 20:31:15,NA,NA,NA,NA,NA
"DOCK",2026-03-12 20:31:30,NA,NA,NA,NA,NA
"DOCK",2026-03-12 20:31:45,NA,NA,NA,NA,NA
"DOCK",2026-03-12 20:32:00,NA,NA,NA,NA,NA
"DOCK",2026-03-12 20:32:15,NA,NA,NA,NA,NA
"DOCK",2026-03-12 20:32:30,NA,NA,NA,NA,NA
"DOCK",2026-03-12 20:32:45,NA,NA,NA,NA,NA
"DOCK",2026-03-12 20:33:00,NA,NA,NA,NA,NA
"DOCK",2026-03-12 20:33:15,NA,NA,NA,NA,NA
"DOCK",2026-03-12 20:33:30,NA,NA,NA,NA,NA
"DOCK",2026-03-12 20:33:45,NA,NA,NA,NA,NA
"DOCK",2026-03-12 20:34:00,NA,NA,NA,NA,NA
"DOCK",2026-03-12 20:34:15,NA,NA,NA,NA,NA
"DOCK",2026-03-12 20:34:30,NA,NA,NA,NA,NA
"DOCK",2026-03-12 20:34:45,NA,NA,NA,NA,NA
"DOCK",2026-03-12 20:35:00,NA,NA,NA,NA,NA
"DOCK",2026-03-12 20:35:15,NA,NA,NA,NA,NA
"DOCK",2026-03-12 20:35:30,NA,NA,NA,NA,NA
"DOCK",2026-03-12 20:35:45,NA,NA,NA,NA,NA
"DOCK",2026-03-12 20:36:00,NA,NA,NA,NA,NA
"DOCK",2026-03-12 20:36:15,NA,NA,NA,NA,NA
"DOCK",2026-03-12 20:36:30,NA,NA,NA,NA,NA
"DOCK",2026-03-12 20:36:45,NA,NA,NA,NA,NA
"DOCK",2026-03-12 20:37:00,NA,NA,NA,NA,NA
"DOCK",2026-03-12 20:37:15,NA,NA,NA,NA,NA
"DOCK",2026-03-12 20:37:30,NA,NA,NA,NA,NA
"DOCK",2026-03-12 20:37:45,NA,NA,NA,NA,NA
"DOCK",2026-03-12 20:38:00,NA,NA,NA,NA,NA
"DOCK",2026-03-12 20:38:15,NA,NA,NA,NA,NA
"DOCK",2026-03-12 20:38:30,NA,NA,NA,NA,NA
"DOCK",2026-03-12 20:38:45,NA,NA,NA,NA,NA
"DOCK",2026-03-12 20:39:00,NA,NA,NA,NA,NA
"DOCK",2026-03-12 20:39:15,NA,NA,NA,NA,NA
"DOCK",2026-03-12 20:39:30,NA,NA,NA,NA,NA
"DOCK",2026-03-12 20:39:45,NA,NA,NA,NA,NA
"DOCK",2026-03-12 20:40:00,NA,NA,NA,NA,NA
"DOCK",2026-03-12 20:40:15,NA,NA,NA,NA,NA
"DOCK",2026-03-12 20:40:30,NA,NA,NA,NA,NA
"DOCK",2026-03-12 20:40:45,NA,NA,NA,NA,NA
"DOCK",2026-03-12 20:41:00,NA,NA,NA,NA,NA
"DOCK",2026-03-12 20:41:15,NA,NA,NA,NA,NA
"DOCK",2026-03-12 20:41:30,NA,NA,NA,NA,NA
"DOCK",2026-03-12 20:41:45,NA,NA,NA,NA,NA
"DOCK",2026-03-12 20:42:00,NA,NA,NA,NA,NA
"DOCK",2026-03-12 20:42:15,NA,NA,NA,NA,NA
"DOCK",2026-03-12 20:42:30,NA,NA,NA,NA,NA
"DOCK",2026-03-12 20:42:45,NA,NA,NA,NA,NA
"DOCK",2026-03-12 20:43:00,NA,NA,NA,NA,NA
"DOCK",2026-03-12 20:43:15,NA,NA,NA,NA,NA
"DOCK",2026-03-12 20:43:30,NA,NA,NA,NA,NA
"DOCK",2026-03-12 20:43:45,NA,NA,NA,NA,NA
"DOCK",2026-03-12 20:44:00,NA,NA,NA,NA,NA
"DOCK",2026-03-12 20:44:15,NA,NA,NA,NA,NA
"DOCK",2026-03-12 20:44:30,NA,NA,NA,NA,NA
"DOCK",2026-03-12 20:44:45,NA,NA,NA,NA,NA
"DOCK",2026-03-12 20:45:00,NA,NA,NA,NA,NA
"DOCK",2026-03-12 20:45:15,NA,NA,NA,NA,NA
"DOCK",2026-03-12 20:45:30,NA,NA,NA,NA,NA
"DOCK",2026-03-12 20:45:45,NA,NA,NA,NA,NA
"DOCK",2026-03-12 20:46:00,NA,NA,NA,NA,NA
"DOCK",2026-03-12 20:46:15,NA,NA,NA,NA,NA
"DOCK",2026-03-12 20:46:30,NA,NA,NA,NA,NA
"DOCK",2026-03-12 20:46:45,NA,NA,NA,NA,NA
"DOCK",2026-03-12 20:47:00,NA,NA,NA,NA,NA
"DOCK",2026-03-12 20:47:15,NA,NA,NA,NA,NA
"DOCK",2026-03-12 20:47:30,NA,NA,NA,NA,NA
"DOCK",2026-03-12 20:47:45,NA,NA,NA,NA,NA
"DOCK",2026-03-12 20:48:00,NA,NA,NA,NA,NA
"DOCK",2026-03-12 20:48:15,NA,NA,NA,NA,NA
"DOCK",2026-03-12 20:48:30,NA,NA,NA,NA,NA
"DOCK",2026-03-12 20:48:45,NA,NA,NA,NA,NA
"DOCK",2026-03-12 20:49:00,NA,NA,NA,NA,NA
"DOCK",2026-03-12 20:49:15,NA,NA,NA,NA,NA
"DOCK",2026-03-12 20:49:30,NA,NA,NA,NA,NA
"DOCK",2026-03-12 20:49:45,NA,NA,NA,NA,NA
"DOCK",2026-03-12 20:50:00,NA,NA,NA,NA,NA
"DOCK",2026-03-12 20:50:15,NA,NA,NA,NA,NA
"DOCK",2026-03-12 20:50:30,NA,NA,NA,NA,NA
"DOCK",2026-03-12 20:50:45,NA,NA,NA,NA,NA
"DOCK",2026-03-12 20:51:00,NA,NA,NA,NA,NA
"DOCK",2026-03-12 20:51:15,NA,NA,NA,NA,NA
"DOCK",2026-03-12 20:51:30,NA,NA,NA,NA,NA
"DOCK",2026-03-12 20:51:45,NA,NA,NA,NA,NA
"DOCK",2026-03-12 20:52:00,NA,NA,NA,NA,NA
"DOCK",2026-03-12 20:52:15,NA,NA,NA,NA,NA
"DOCK",2026-03-12 20:52:30,NA,NA,NA,NA,NA
"DOCK",2026-03-12 20:52:45,NA,NA,NA,NA,NA
"DOCK",2026-03-12 20:53:00,NA,NA,NA,NA,NA
"DOCK",2026-03-12 20:53:15,NA,NA,NA,NA,NA
"DOCK",2026-03-12 20:53:30,NA,NA,NA,NA,NA
"DOCK",2026-03-12 20:53:45,NA,NA,NA,NA,NA
"DOCK",2026-03-12 20:54:00,NA,NA,NA,NA,NA
"DOCK",2026-03-12 20:54:15,NA,NA,NA,NA,NA
"DOCK",2026-03-12 20:54:30,NA,NA,NA,NA,NA
"DOCK",2026-03-12 20:54:45,NA,NA,NA,NA,NA
"DOCK",2026-03-12 20:55:00,NA,NA,NA,NA,NA
"DOCK",2026-03-12 20:55:15,NA,NA,NA,NA,NA
"DOCK",2026-03-12 20:55:30,NA,NA,NA,NA,NA
"DOCK",2026-03-12 20:55:45,NA,NA,NA,NA,NA
"DOCK",2026-03-12 20:56:00,NA,NA,NA,NA,NA
"DOCK",2026-03-12 20:56:15,NA,NA,NA,NA,NA
"DOCK",2026-03-12 20:56:30,NA,NA,NA,NA,NA
"DOCK",2026-03-12 20:56:45,NA,NA,NA,NA,NA
"DOCK",2026-03-12 20:57:00,NA,NA,NA,NA,NA
"DOCK",2026-03-12 20:57:15,NA,NA,NA,NA,NA
"DOCK",2026-03-12 20:57:30,NA,NA,NA,NA,NA
"DOCK",2026-03-12 20:57:45,NA,NA,NA,NA,NA
"DOCK",2026-03-12 20:58:00,NA,NA,NA,NA,NA
"DOCK",2026-03-12 20:58:15,NA,NA,NA,NA,NA
"DOCK",2026-03-12 20:58:30,NA,NA,NA,NA,NA
"DOCK",2026-03-12 20:58:45,NA,NA,NA,NA,NA
"DOCK",2026-03-12 20:59:00,NA,NA,NA,NA,NA
"DOCK",2026-03-12 20:59:15,NA,NA,NA,NA,NA
"DOCK",2026-03-12 20:59:30,NA,NA,NA,NA,NA
"DOCK",2026-03-12 20:59:45,NA,NA,NA,NA,NA
"DOCK",2026-03-12 21:00:00,NA,NA,NA,NA,NA
"DOCK",2026-03-12 21:00:15,NA,NA,NA,NA,NA
"DOCK",2026-03-12 21:00:30,NA,NA,NA,NA,NA
"DOCK",2026-03-12 21:00:45,NA,NA,NA,NA,NA
"DOCK",2026-03-12 21:01:00,NA,NA,NA,NA,NA
"DOCK",2026-03-12 21:01:15,NA,NA,NA,NA,NA
"DOCK",2026-03-12 21:01:30,NA,NA,NA,NA,NA
"DOCK",2026-03-12 21:01:45,NA,NA,NA,NA,NA
"DOCK",2026-03-12 21:02:00,NA,NA,NA,NA,NA
"DOCK",2026-03-12 21:02:15,NA,NA,NA,NA,NA
"DOCK",2026-03-12 21:02:30,NA,NA,NA,NA,NA
"DOCK",2026-03-12 21:02:45,NA,NA,NA,NA,NA
"DOCK",2026-03-12 21:03:00,NA,NA,NA,NA,NA
"DOCK",2026-03-12 21:03:15,NA,NA,NA,NA,NA
"DOCK",2026-03-12 21:03:30,NA,NA,NA,NA,NA
"DOCK",2026-03-12 21:03:45,NA,NA,NA,NA,NA
"DOCK",2026-03-12 21:04:00,NA,NA,NA,NA,NA
"DOCK",2026-03-12 21:04:15,NA,NA,NA,NA,NA
"DOCK",2026-03-12 21:04:30,NA,NA,NA,NA,NA
"DOCK",2026-03-12 21:04:45,NA,NA,NA,NA,NA
"DOCK",2026-03-12 21:05:00,NA,NA,NA,NA,NA
"DOCK",2026-03-12 21:05:15,NA,NA,NA,NA,NA
"DOCK",2026-03-12 21:05:30,NA,NA,NA,NA,NA
"DOCK",2026-03-12 21:05:45,NA,NA,NA,NA,NA
"DOCK",2026-03-12 21:06:00,NA,NA,NA,NA,NA
"DOCK",2026-03-12 21:06:15,NA,NA,NA,NA,NA
"DOCK",2026-03-12 21:06:30,NA,NA,NA,NA,NA
"DOCK",2026-03-12 21:06:45,NA,NA,NA,NA,NA
"DOCK",2026-03-12 21:07:00,NA,NA,NA,NA,NA
"DOCK",2026-03-12 21:07:15,NA,NA,NA,NA,NA
"DOCK",2026-03-12 21:07:30,NA,NA,NA,NA,NA
"DOCK",2026-03-12 21:07:45,NA,NA,NA,NA,NA
"DOCK",2026-03-12 21:08:00,NA,NA,NA,NA,NA
"DOCK",2026-03-12 21:08:15,NA,NA,NA,NA,NA
"DOCK",2026-03-12 21:08:30,NA,NA,NA,NA,NA
"DOCK",2026-03-12 21:08:45,NA,NA,NA,NA,NA
"DOCK",2026-03-12 21:09:00,NA,NA,NA,NA,NA
"DOCK",2026-03-12 21:09:15,NA,NA,NA,NA,NA
"DOCK",2026-03-12 21:09:30,NA,NA,NA,NA,NA
"DOCK",2026-03-12 21:09:45,NA,NA,NA,NA,NA
"DOCK",2026-03-12 21:10:00,NA,NA,NA,NA,NA
"DOCK",2026-03-12 21:10:15,NA,NA,NA,NA,NA
"DOCK",2026-03-12 21:10:30,NA,NA,NA,NA,NA
"DOCK",2026-03-12 21:10:45,NA,NA,NA,NA,NA
"DOCK",2026-03-12 21:11:00,NA,NA,NA,NA,NA
"DOCK",2026-03-12 21:11:15,NA,NA,NA,NA,NA
"DOCK",2026-03-12 21:11:30,NA,NA,NA,NA,NA
"DOCK",2026-03-12 21:11:45,NA,NA,NA,NA,NA
"DOCK",2026-03-12 21:12:00,NA,NA,NA,NA,NA
"DOCK",2026-03-12 21:12:15,NA,NA,NA,NA,NA
"DOCK",2026-03-12 21:12:30,NA,NA,NA,NA,NA
"DOCK",2026-03-12 21:12:45,NA,NA,NA,NA,NA
"DOCK",2026-03-12 21:13:00,NA,NA,NA,NA,NA
"DOCK",2026-03-12 21:13:15,NA,NA,NA,NA,NA
"DOCK",2026-03-12 21:13:30,NA,NA,NA,NA,NA
"DOCK",2026-03-12 21:13:45,NA,NA,NA,NA,NA
"DOCK",2026-03-12 21:14:00,NA,NA,NA,NA,NA
"DOCK",2026-03-12 21:14:15,NA,NA,NA,NA,NA
"DOCK",2026-03-12 21:14:30,NA,NA,NA,NA,NA
"DOCK",2026-03-12 21:14:45,NA,NA,NA,NA,NA
"DOCK",2026-03-12 21:15:00,NA,NA,NA,NA,NA
"DOCK",2026-03-12 21:15:15,NA,NA,NA,NA,NA
"DOCK",2026-03-12 21:15:30,NA,NA,NA,NA,NA
"DOCK",2026-03-12 21:15:45,NA,NA,NA,NA,NA
"DOCK",2026-03-12 21:16:00,NA,NA,NA,NA,NA
"DOCK",2026-03-12 21:16:15,NA,NA,NA,NA,NA
"DOCK",2026-03-12 21:16:30,NA,NA,NA,NA,NA
"DOCK",2026-03-12 21:16:45,NA,NA,NA,NA,NA
"DOCK",2026-03-12 21:17:00,NA,NA,NA,NA,NA
"DOCK",2026-03-12 21:17:15,NA,NA,NA,NA,NA
"DOCK",2026-03-12 21:17:30,NA,NA,NA,NA,NA
"DOCK",2026-03-12 21:17:45,NA,NA,NA,NA,NA
"DOCK",2026-03-12 21:18:00,NA,NA,NA,NA,NA
"DOCK",2026-03-12 21:18:15,NA,NA,NA,NA,NA
"DOCK",2026-03-12 21:18:30,NA,NA,NA,NA,NA
"DOCK",2026-03-12 21:18:45,NA,NA,NA,NA,NA
"DOCK",2026-03-12 21:19:00,NA,NA,NA,NA,NA
"DOCK",2026-03-12 21:19:15,NA,NA,NA,NA,NA
"DOCK",2026-03-12 21:19:30,NA,NA,NA,NA,NA
"DOCK",2026-03-12 21:19:45,NA,NA,NA,NA,NA
"DOCK",2026-03-12 21:20:00,NA,NA,NA,NA,NA
"DOCK",2026-03-12 21:20:15,NA,NA,NA,NA,NA
"DOCK",2026-03-12 21:20:30,NA,NA,NA,NA,NA
"DOCK",2026-03-12 21:20:45,NA,NA,NA,NA,NA
"DOCK",2026-03-12 21:21:00,NA,NA,NA,NA,NA
"DOCK",2026-03-12 21:21:15,NA,NA,NA,NA,NA
"DOCK",2026-03-12 21:21:30,NA,NA,NA,NA,NA
"DOCK",2026-03-12 21:21:45,NA,NA,NA,NA,NA
"DOCK",2026-03-12 21:22:00,NA,NA,NA,NA,NA
"DOCK",2026-03-12 21:22:15,NA,NA,NA,NA,NA
"DOCK",2026-03-12 21:22:30,NA,NA,NA,NA,NA
"DOCK",2026-03-12 21:22:45,NA,NA,NA,NA,NA
"DOCK",2026-03-12 21:23:00,NA,NA,NA,NA,NA
"DOCK",2026-03-12 21:23:15,NA,NA,NA,NA,NA
"DOCK",2026-03-12 21:23:30,NA,NA,NA,NA,NA
"DOCK",2026-03-12 21:23:45,NA,NA,NA,NA,NA
"DOCK",2026-03-12 21:24:00,NA,NA,NA,NA,NA
"DOCK",2026-03-12 21:24:15,NA,NA,NA,NA,NA
"DOCK",2026-03-12 21:24:30,NA,NA,NA,NA,NA
"DOCK",2026-03-12 21:24:45,NA,NA,NA,NA,NA
"DOCK",2026-03-12 21:25:00,NA,NA,NA,NA,NA
"DOCK",2026-03-12 21:25:15,NA,NA,NA,NA,NA
"DOCK",2026-03-12 21:25:30,NA,NA,NA,NA,NA
"DOCK",2026-03-12 21:25:45,NA,NA,NA,NA,NA
"DOCK",2026-03-12 21:26:00,NA,NA,NA,NA,NA
"DOCK",2026-03-12 21:26:15,NA,NA,NA,NA,NA
"DOCK",2026-03-12 21:26:30,NA,NA,NA,NA,NA
"DOCK",2026-03-12 21:26:45,NA,NA,NA,NA,NA
