"year","month","ETm3yr","precipm3yr","GW_m3s","salt_bal_m3s","salt_bal_m3s_raw","salt_bal_raw","salt_bal"
2023,1,3297.22484208239,-3703.64214251691,NA,NA,NA,NA,NA
2023,2,4433.83590833606,-5720.57378589286,NA,NA,NA,NA,NA
2023,3,6031.76629426628,-3426.9782416129,NA,NA,NA,NA,NA
2023,4,7623.55201570566,-10845.8798688333,NA,NA,NA,NA,NA
2023,5,7899.54961051226,-5141.48668967742,NA,NA,NA,NA,NA
2023,6,8531.19321314011,-8920.4386335,0.00177601068310988,-0.00176366779179963,-0.00177601068310988,-55619.0274821933,-55619.0274821933
2023,7,7302.16655006035,-17388.7036953226,0.00182494491451551,-0.00150510291980273,-0.00182494491451551,-47464.9256788989,-47464.9256788989
2023,8,6871.78013484581,-9705.01482403226,0.00172304288568536,-0.00163320160305007,-0.00172304288568536,-51504.6457537871,-51504.6457537871
2023,9,6818.74655358638,-11217.696475,-0.000198378906459192,0,0.000198378906459192,10655.0271155107,0
2023,10,4271.80200531978,-4211.86023032258,0.000724831772073268,-0.000726732513289567,-0.000724831772073268,-22918.2365390998,-22918.2365390998
2023,11,3434.24579052804,-9679.87141833333,-0.000487139339351491,0,0.000487139339351491,21608.0518335939,0
2023,12,2723.47841539896,-25838.5644720513,0.000904400704729768,-0.000171426134186504,-0.000904400704729768,-5406.0945677056,-5406.0945677056
2024,1,3380.33845880922,-15747.5868098387,0.00179403229302393,-0.00140186942040123,-0.00179403229302393,-44209.3540417732,-44209.3540417732
2024,2,3759.68953249817,-4553.54575706896,0.00117988952593783,-0.00115471651019167,-0.00117988952593783,-36415.1398654046,-36415.1398654046
2024,3,6481.67859482038,-9348.9954265674,0.00123990888952813,-0.00114898686924189,-0.00123990888952813,-36234.4499084121,-36234.4499084121
2024,4,7653.55712545752,-6810.66905233333,0.00354525372426308,-0.00357198152972744,-0.00354525372426308,-112646.009521485,-112646.009521485
2024,5,5893.27877447169,-7573.49135657824,0.0062356366061007,-0.0061823574146336,-0.0062356366061007,-194966.823427885,-194966.823427885
2024,6,7037.88127651447,-2726.89974885724,-0.00137856984856263,0,0.00137856984856263,39163.5972166139,0
2024,7,6393.16931233847,-9773.30975032258,1.40573349964832e-05,0,-1.40573349964832e-05,2936.82832153501,0
2024,8,5245.00958015509,-10767.3549615293,-0.000515435893999171,0,0.000515435893999171,21777.131734532,0
2024,9,3786.62349775556,0,0.000867112271955631,-0.000987185315390295,-0.000867112271955631,-31131.8761061483,-31131.8761061483
2024,10,2747.97300354182,0,0.00123698114478976,-0.00132411879710907,-0.00123698114478976,-41757.4103856317,-41757.4103856317
2024,11,1970.1222964687,0,0.000517603554225489,-0.000580075722429088,-0.000517603554225489,-18293.2679825237,-18293.2679825237
2024,12,1070.63716387098,0,0.000171859448790241,-0.000205809130546677,-0.000171859448790241,-6490.39674092001,-6490.39674092001
2025,1,740.193818709436,0,NA,NA,NA,NA,NA
