"year","month","ETm3yr","precipm3yr","GW_m3s","salt_bal_m3s","salt_bal_m3s_raw","salt_bal_raw","salt_bal","GW_m3yr"
"2023",1,2607.97290654144,-176.854869499323,NA,NA,NA,NA,NA,NA
"2023",2,3590.83680044555,-273.166599642857,NA,NA,NA,NA,NA,NA
"2023",3,5055.23248111663,-163.643723225806,NA,NA,NA,NA,NA,NA
"2023",4,6441.73133211258,-517.908209,NA,NA,NA,NA,NA,NA
"2023",5,6818.38663050976,-245.514259354839,NA,NA,NA,NA,NA,NA
"2023",6,7353.89062004288,-425.965293,0.00177601068310988,-0.00199569375410946,-0.00177601068310988,-62936.198229596,-62936.198229596,-69864.1235566389
"2023",7,6345.54344100744,-830.338570645161,0.00182494491451551,-0.00199983091370254,-0.00182494491451551,-63066.6676945234,-63066.6676945234,-68581.8725648857
"2023",8,5856.81151605639,-463.430068064516,0.00172304288568536,-0.00189406588949028,-0.00172304288568536,-59731.2618909654,-59731.2618909654,-65124.6433389573
"2023",9,5639.88200085609,-535.66305,-0.000198378906459192,0,0.000198378906459192,1151.85824324099,0,-5104.21895085609
"2023",10,3390.50482203618,-201.123100645161,0.000724831772073268,-0.000825966403015398,-0.000724831772073268,-26047.6764854936,-26047.6764854936,-29237.0582068846
"2023",11,2653.49294996441,-462.22943,-0.000487139339351491,0,0.000487139339351491,13171.1626858242,0,-2191.26351996441
"2023",12,2124.77016291655,-1233.83301407437,0.000904400704729768,-0.000932652136390162,-0.000904400704729768,-29412.1177732001,-29412.1177732001,-30303.0549220423
"2024",1,2709.70427720177,-751.972599677419,0.00179403229302393,-0.00185611155727825,-0.00179403229302393,-58534.334070327,-58534.334070327,-60492.0657478514
"2024",2,3067.57948790716,-217.439134137931,0.00117988952593783,-0.00127026688368039,-0.00117988952593783,-40059.1364437446,-40059.1364437446,-42909.2767975138
"2024",3,5404.3537881299,-446.42956918935,0.00123990888952813,-0.001397123635182,-0.00123990888952813,-44059.6909590997,-44059.6909590997,-49017.6151780403
"2024",4,6471.10183075769,-325.220402,0.00354525372426308,-0.00374013834592587,-0.00354525372426308,-117949.002877118,-117949.002877118,-124094.884305876
"2024",5,5407.79591824564,-361.64639400384,0.0062356366061007,-0.00639564895783338,-0.0062356366061007,-201693.185534233,-201693.185534233,-206739.335058475
"2024",6,6722.60792165323,-130.213849142063,-0.00137856984856263,0,0.00137856984856263,36882.1846717599,0,-6592.39407251117
"2024",7,6175.5728398044,-466.691260645161,1.40573349964832e-05,-0.000195084782331568,-1.40573349964832e-05,-6152.19369560833,-6152.19369560833,-11861.0752747676
"2024",8,5031.79851905669,-514.15851837134,-0.000515435893999171,0,0.000515435893999171,11737.1463524725,0,-4517.64000068535
"2024",9,3570.01429400145,0,0.000867112271955631,-0.000980316682597483,-0.000867112271955631,-30915.2669023942,-30915.2669023942,-34485.2811963956
"2024",10,2456.49359713409,0,0.00123698114478976,-0.00131487604576433,-0.00123698114478976,-41465.930979224,-41465.930979224,-43922.4245763581
"2024",11,1654.91603705635,0,0.000517603554225489,-0.000570080597511142,-0.000517603554225489,-17978.0617231114,-17978.0617231114,-19632.9777601678
"2024",12,888.325813812584,0,0.000171859448790241,-0.000200028075560046,-0.000171859448790241,-6308.08539086162,-6308.08539086162,-7196.4112046742
"2025",1,748.144819557997,0,NA,NA,NA,NA,NA,NA
