,1,2,3,4,5,6,7,8,9,10,11,12
A,0.053,0.053,0.056,0.056,0.056,0.057,0.06,0.058,0.056,0.065,0.062,0.066
B,0.145,0.126,0.127,0.056,0.053,0.064,0.062,0.055,0.059,0.061,0.064,0.058
C,0.228,0.255,0.235,0.061,0.06,0.062,0.06,0.059,0.06,0.061,0.063,0.064
D,0.441,0.527,0.488,0.059,0.063,0.059,0.499,0.498,0.43,0.103,0.115,0.139
E,0.867,0.739,0.829,0.06,0.056,0.057,0.058,0.057,0.057,0.098,0.111,0.126
F,1.244,1.35,1.34,0.057,0.062,0.063,2.575,2.184,2.38,0.055,0.054,0.055
G,1.105,1.213,1.097,2.398,2.436,2.499,0.103,0.092,0.083,0.059,0.068,0.059
H,1.236,1.188,1.201,0.059,0.058,0.056,0.068,0.065,0.065,0.7,0.72,0.773
,,,,,,,,,,,,
,1,2,3,4,5,6,7,8,9,10,11,12
A,Std 0,Std 0,Std 0,SW-T44,SW-T44,SW-T44,SW-T45,SW-T45,SW-T45,SW-T49,SW-T49,SW-T49
B,Std 1,Std 1,Std 1,SW-T43,SW-T43,SW-T43,ChkStd 0,ChkStd 0,ChkStd 0,SW-T50,SW-T50,SW-T50
C,Std 2,Std 2,Std 2,SW-T38,SW-T38,SW-T38,Dup SW-T45,Dup SW-T45,Dup SW-T45,Time 1300 PAIRED,Time 1300 PAIRED,Time 1300 PAIRED
D,Std 3,Std 3,Std 3,SW-T34,SW-T34,SW-T34,ChkStd 3,ChkStd 3,ChkStd 3,Spike SW-T44,Spike SW-T44,Spike SW-T44
E,Std 4,Std 4,Std 4,SW-T23,SW-T23,SW-T23,SW-T25,SW-T25,SW-T25,Spike SW-T25,Spike SW-T25,Spike SW-T25
F,Std 5,Std 5,Std 5,SW-T31,SW-T31,SW-T31,GW-4,GW-4,GW-4,ChkStd 0,ChkStd 0,ChkStd 0
G,MC: 10ppt S5,MC: 10ppt S5,MC: 10ppt S5,GW-3,GW-3,GW-3,SW-T47,SW-T47,SW-T47,Dup Time 1300 PAIRED,Dup Time 1300 PAIRED,Dup Time 1300 PAIRED
H,MC: 20ppt S5,MC: 20ppt S5,MC: 20ppt S5,SW-T42,SW-T42,SW-T42,SW-T48,SW-T48,SW-T48,ChkStd 4,ChkStd 4,ChkStd 4
,,,,,,,,,,,,
,1,2,3,4,5,6,7,8,9,10,11,12
A,1,1,1,1,1,1,1,1,1,1,1,1
B,1,1,1,1,1,1,1,1,1,1,1,1
C,1,1,1,1,1,1,1,1,1,1,1,1
D,1,1,1,1,1,1,1,1,1,1,1,1
E,1,1,1,1,1,1,1,1,1,1,1,1
F,1,1,1,1,1,1,1,1,1,1,1,1
G,1,1,1,1,1,1,1,1,1,1,1,1
H,1,1,1,1,1,1,1,1,1,1,1,1
