Test #,Full Date,Year,Month,Day,Hour,Minute,Total Counts,Live Time [Minutes],Relative Humidity [%],Radon [Bq/m3],Radon 2-Sigma Uncert. [Bq/m3],Run #,Calculated Radon [Bq/m3],Calculated Radon 2-Sigma Uncert. [Bq/m3],Calculated Thoron [Bq/m3],Calculated Thoron 2-Sigma Uncert. [Bq/m3],Radon In Water [Bq/m3],Radon In Water 2-Sigma Uncert. [Bq/m3]
1,7/28/2023 13:50,23,7,28,13,50,0,4.7,16,0,636.0257,1,N/A,N/A,N/A,N/A,0,640
2,7/28/2023 13:55,23,7,28,13,55,1,4.6,19,160.7162,776.0063,1,N/A,N/A,N/A,N/A,160,780
3,7/28/2023 14:00,23,7,28,14,0,0,4.6,21,0,642.8647,1,N/A,N/A,N/A,N/A,0,650
4,7/28/2023 14:05,23,7,28,14,5,0,4.6,23,0,642.8647,1,N/A,N/A,N/A,N/A,0,650
5,7/28/2023 14:22,23,7,28,14,22,3,4.7,25,159.0064,767.7509,2,N/A,N/A,N/A,N/A,160,770
6,7/28/2023 14:27,23,7,28,14,27,3,4.6,26,321.4323,878.1696,2,N/A,N/A,N/A,N/A,330,890
7,7/28/2023 14:32,23,7,28,14,32,1,4.6,27,0,642.8647,2,N/A,N/A,N/A,N/A,0,650
8,7/28/2023 14:37,23,7,28,14,37,6,4.6,27,321.4323,878.1696,2,N/A,N/A,N/A,N/A,320,890
9,7/28/2023 15:21,23,7,28,15,21,13,4.7,38,1113.045,1217.489,3,N/A,N/A,N/A,N/A,1100,1200
10,7/28/2023 15:26,23,7,28,15,26,7,4.6,37,482.1485,964.2969,3,N/A,N/A,N/A,N/A,490,970
11,7/28/2023 15:31,23,7,28,15,31,10,4.6,37,642.8647,1040.177,3,N/A,N/A,N/A,N/A,600,1100
12,7/28/2023 15:36,23,7,28,15,36,11,4.6,37,964.2969,1171.862,3,N/A,N/A,N/A,N/A,1000,1200
13,7/28/2023 15:54,23,7,28,15,54,15,4.7,44,477.0194,954.0387,4,N/A,N/A,N/A,N/A,480,950
14,7/28/2023 15:59,23,7,28,15,59,14,4.6,42,482.1485,964.2969,4,N/A,N/A,N/A,N/A,490,970
15,7/28/2023 16:04,23,7,28,16,4,9,4.6,42,321.4323,878.1696,4,N/A,N/A,N/A,N/A,320,890
16,7/28/2023 16:09,23,7,28,16,9,9,4.6,42,803.581,1108.778,4,N/A,N/A,N/A,N/A,800,1100
17,8/6/2023 10:17,23,8,6,10,17,0,4.7,35,0,636.0257,5,N/A,N/A,N/A,N/A,0,640
18,8/6/2023 10:22,23,8,6,10,22,0,4.6,37,0,642.8647,5,N/A,N/A,N/A,N/A,0,650
19,8/6/2023 10:27,23,8,6,10,27,1,4.6,38,160.7162,776.0063,5,N/A,N/A,N/A,N/A,160,780
20,8/6/2023 10:32,23,8,6,10,32,0,4.6,39,0,642.8647,5,N/A,N/A,N/A,N/A,0,650
21,8/6/2023 10:51,23,8,6,10,51,3,4.7,30,0,636.0257,6,N/A,N/A,N/A,N/A,0,640
22,8/6/2023 10:56,23,8,6,10,56,3,4.6,32,160.7162,776.0063,6,N/A,N/A,N/A,N/A,160,780
23,8/6/2023 11:01,23,8,6,11,1,6,4.6,34,482.1485,964.2969,6,N/A,N/A,N/A,N/A,490,970
24,8/6/2023 11:06,23,8,6,11,6,4,4.6,35,160.7162,776.0063,6,N/A,N/A,N/A,N/A,160,780
25,8/6/2023 11:29,23,8,6,11,29,5,4.7,29,159.0064,767.7509,7,N/A,N/A,N/A,N/A,160,770
26,8/6/2023 11:34,23,8,6,11,34,10,4.6,30,642.8647,1040.177,7,N/A,N/A,N/A,N/A,600,1100
27,8/6/2023 11:39,23,8,6,11,39,6,4.6,32,160.7162,776.0063,7,N/A,N/A,N/A,N/A,160,780
28,8/6/2023 11:44,23,8,6,11,44,7,4.6,33,482.1485,964.2969,7,N/A,N/A,N/A,N/A,490,970
29,8/6/2023 12:06,23,8,6,12,6,8,4.7,29,159.0064,767.7509,8,N/A,N/A,N/A,N/A,160,770
30,8/6/2023 12:11,23,8,6,12,11,8,4.6,30,160.7162,776.0063,8,N/A,N/A,N/A,N/A,160,780
31,8/6/2023 12:16,23,8,6,12,16,7,4.6,31,482.1485,964.2969,8,N/A,N/A,N/A,N/A,490,970
32,8/6/2023 12:21,23,8,6,12,21,6,4.6,32,482.1485,964.2969,8,N/A,N/A,N/A,N/A,490,970
33,8/6/2023 12:44,23,8,6,12,44,12,4.7,30,477.0194,954.0387,9,N/A,N/A,N/A,N/A,480,950
34,8/6/2023 12:49,23,8,6,12,49,8,4.6,30,321.4323,878.1696,9,N/A,N/A,N/A,N/A,230,890
35,8/6/2023 12:54,23,8,6,12,54,10,4.6,31,160.7162,776.0063,9,N/A,N/A,N/A,N/A,160,780
36,8/6/2023 12:59,23,8,6,12,59,15,4.6,32,160.7162,776.0063,9,N/A,N/A,N/A,N/A,160,780
37,8/6/2023 13:18,23,8,6,13,18,15,4.7,35,318.0129,868.8273,10,N/A,N/A,N/A,N/A,320,870
38,8/6/2023 13:23,23,8,6,13,23,9,4.6,35,0,642.8647,10,N/A,N/A,N/A,N/A,0,650
39,8/6/2023 13:28,23,8,6,13,28,8,4.6,36,0,642.8647,10,N/A,N/A,N/A,N/A,0,650
40,8/6/2023 13:33,23,8,6,13,33,7,4.6,36,0,642.8647,10,N/A,N/A,N/A,N/A,0,650
41,8/6/2023 14:01,23,8,6,14,1,12,4.7,30,477.0194,954.0387,11,N/A,N/A,N/A,N/A,480,950
42,8/6/2023 14:06,23,8,6,14,6,8,4.6,31,321.4323,878.1696,11,N/A,N/A,N/A,N/A,320,890
43,8/6/2023 14:12,23,8,6,14,12,10,4.6,32,160.7162,776.0063,11,N/A,N/A,N/A,N/A,160,780
44,8/6/2023 14:17,23,8,6,14,17,6,4.6,33,0,642.8647,11,N/A,N/A,N/A,N/A,0,650
45,8/6/2023 14:34,23,8,6,14,34,14,4.7,26,318.0129,868.8273,12,N/A,N/A,N/A,N/A,320,870
46,8/6/2023 14:39,23,8,6,14,39,12,4.6,27,160.7162,776.0063,12,N/A,N/A,N/A,N/A,160,780
47,8/6/2023 14:44,23,8,6,14,44,15,4.6,28,321.4323,878.1696,12,N/A,N/A,N/A,N/A,320,890
48,8/6/2023 14:49,23,8,6,14,49,17,4.6,29,160.7162,776.0063,12,N/A,N/A,N/A,N/A,160,780
49,8/6/2023 15:06,23,8,6,15,6,16,4.7,24,795.0323,1096.982,13,N/A,N/A,N/A,N/A,800,1100
50,8/6/2023 15:11,23,8,6,15,11,16,4.6,25,642.8647,1040.177,13,N/A,N/A,N/A,N/A,600,1100
51,8/6/2023 15:16,23,8,6,15,16,24,4.6,26,1767.878,1434.907,13,N/A,N/A,N/A,N/A,1800,1500
52,8/6/2023 15:21,23,8,6,15,21,20,4.6,27,642.8647,1040.177,13,N/A,N/A,N/A,N/A,600,1100
53,8/7/2023 10:26,23,8,7,10,26,2,4.7,23,318.0129,868.8273,14,N/A,N/A,N/A,N/A,320,870
54,8/7/2023 10:31,23,8,7,10,31,4,4.6,25,482.1485,964.2969,14,N/A,N/A,N/A,N/A,490,970
55,8/7/2023 10:36,23,8,7,10,36,2,4.6,26,160.7162,776.0063,14,N/A,N/A,N/A,N/A,160,780
56,8/7/2023 10:41,23,8,7,10,41,7,4.6,27,803.581,1108.778,14,N/A,N/A,N/A,N/A,800,1100
57,8/7/2023 11:01,23,8,7,11,1,6,4.7,21,795.0323,1096.982,15,N/A,N/A,N/A,N/A,800,1100
58,8/7/2023 11:06,23,8,7,11,6,1,4.6,23,160.7162,776.0063,15,N/A,N/A,N/A,N/A,160,780
59,8/7/2023 11:11,23,8,7,11,11,5,4.6,25,321.4323,878.1696,15,N/A,N/A,N/A,N/A,320,890
60,8/7/2023 11:16,23,8,7,11,16,4,4.6,26,160.7162,776.0063,15,N/A,N/A,N/A,N/A,160,780
61,8/7/2023 11:35,23,8,7,11,35,5,4.7,19,159.0064,767.7509,16,N/A,N/A,N/A,N/A,160,770
62,8/7/2023 11:40,23,8,7,11,40,7,4.6,21,482.1485,964.2969,16,N/A,N/A,N/A,N/A,490,970
63,8/7/2023 11:45,23,8,7,11,45,2,4.6,22,0,642.8647,16,N/A,N/A,N/A,N/A,0,650
64,8/7/2023 11:50,23,8,7,11,50,1,4.6,23,0,642.8647,16,N/A,N/A,N/A,N/A,0,650
65,8/7/2023 12:09,23,8,7,12,9,2,4.7,17,159.0064,767.7509,17,N/A,N/A,N/A,N/A,160,770
66,8/7/2023 12:14,23,8,7,12,14,2,4.6,19,160.7162,776.0063,17,N/A,N/A,N/A,N/A,160,780
67,8/7/2023 12:19,23,8,7,12,19,4,4.6,21,160.7162,776.0063,17,N/A,N/A,N/A,N/A,160,780
68,8/7/2023 12:24,23,8,7,12,24,2,4.6,22,0,642.8647,17,N/A,N/A,N/A,N/A,0,650
69,8/7/2023 12:44,23,8,7,12,44,3,4.7,15,0,636.0257,18,N/A,N/A,N/A,N/A,0,640
70,8/7/2023 12:49,23,8,7,12,49,1,4.6,17,0,642.8647,18,N/A,N/A,N/A,N/A,0,650
71,8/7/2023 12:54,23,8,7,12,54,1,4.6,19,160.7162,776.0063,18,N/A,N/A,N/A,N/A,160,780
72,8/7/2023 12:59,23,8,7,12,59,1,4.6,20,0,642.8647,18,N/A,N/A,N/A,N/A,0,650
73,8/7/2023 13:27,23,8,7,13,27,2,4.7,15,0,636.0257,19,N/A,N/A,N/A,N/A,0,640
74,8/7/2023 13:32,23,8,7,13,32,2,4.6,17,0,642.8647,19,N/A,N/A,N/A,N/A,0,650
75,8/7/2023 13:37,23,8,7,13,37,1,4.6,18,0,642.8647,19,N/A,N/A,N/A,N/A,0,650
76,8/7/2023 13:42,23,8,7,13,42,0,4.6,19,0,642.8647,19,N/A,N/A,N/A,N/A,0,650
77,8/7/2023 14:08,23,8,7,14,8,0,4.7,13,0,636.0257,20,N/A,N/A,N/A,N/A,0,640
78,8/7/2023 14:13,23,8,7,14,13,0,4.6,14,0,642.8647,20,N/A,N/A,N/A,N/A,0,650
79,8/7/2023 14:18,23,8,7,14,18,3,4.6,16,0,642.8647,20,N/A,N/A,N/A,N/A,0,650
80,8/7/2023 14:23,23,8,7,14,23,1,4.6,17,0,642.8647,20,N/A,N/A,N/A,N/A,0,650
81,8/7/2023 14:43,23,8,7,14,43,3,4.7,12,318.0129,868.8273,21,N/A,N/A,N/A,N/A,320,870
82,8/7/2023 14:49,23,8,7,14,49,2,4.6,14,0,642.8647,21,N/A,N/A,N/A,N/A,0,650
83,8/7/2023 14:54,23,8,7,14,54,2,4.6,15,0,642.8647,21,N/A,N/A,N/A,N/A,0,650
84,8/7/2023 14:59,23,8,7,14,59,1,4.6,16,0,642.8647,21,N/A,N/A,N/A,N/A,0,650
85,8/7/2023 15:17,23,8,7,15,17,5,4.7,13,318.0129,868.8273,22,N/A,N/A,N/A,N/A,320,870
86,8/7/2023 15:22,23,8,7,15,22,0,4.6,14,0,642.8647,22,N/A,N/A,N/A,N/A,0,650
87,8/7/2023 15:27,23,8,7,15,27,1,4.6,15,0,642.8647,22,N/A,N/A,N/A,N/A,0,650
88,8/15/2023 10:50,23,8,15,10,50,0,4.6,9,0,149.3291,23,0,150,0,300,N/A,N/A
89,8/15/2023 10:55,23,8,15,10,55,0,4.6,8,0,150.1319,23,0,150,0,300,N/A,N/A
90,8/15/2023 11:00,23,8,15,11,0,0,4.6,7,0,150.1319,23,0,150,0,300,N/A,N/A
91,8/15/2023 11:05,23,8,15,11,5,0,4.6,6,0,150.1319,23,0,150,0,300,N/A,N/A
92,8/15/2023 11:12,23,8,15,11,12,0,4.6,7,0,646.3396,23,0,150,0,300,N/A,N/A
93,8/15/2023 11:27,23,8,15,11,27,1,4.7,18,159.0064,767.7509,24,N/A,N/A,N/A,N/A,160,770
94,8/15/2023 11:32,23,8,15,11,32,1,4.6,21,0,642.8647,24,N/A,N/A,N/A,N/A,0,650
95,8/15/2023 16:01,23,8,15,16,1,3,4.7,30,318.0129,868.8273,25,N/A,N/A,N/A,N/A,320,870
96,8/15/2023 16:06,23,8,15,16,6,1,4.6,31,160.7162,776.0063,25,N/A,N/A,N/A,N/A,160,780
97,8/15/2023 16:11,23,8,15,16,11,5,4.6,32,321.4323,878.1696,25,N/A,N/A,N/A,N/A,320,890
98,8/15/2023 16:16,23,8,15,16,16,3,4.6,32,160.7162,776.0063,25,N/A,N/A,N/A,N/A,160,780
99,8/16/2023 8:45,23,8,16,8,45,55,4.6,44,7832.98,2580.429,26,N/A,N/A,N/A,N/A,8000,2600
100,8/16/2023 8:50,23,8,16,8,50,48,4.6,44,6267.932,2354.35,26,N/A,N/A,N/A,N/A,6300,2400
101,8/16/2023 8:55,23,8,16,8,55,60,4.6,43,7392.945,2525.062,26,N/A,N/A,N/A,N/A,7500,2600
102,8/16/2023 9:00,23,8,16,9,0,68,4.6,43,7714.376,2571.459,26,N/A,N/A,N/A,N/A,7800,2600
103,8/16/2023 9:59,23,8,16,9,59,105,4.6,43,9431.547,2796.203,27,N/A,N/A,N/A,N/A,9600,2800
104,8/16/2023 10:04,23,8,16,10,4,84,4.6,42,7109.737,2491.059,27,N/A,N/A,N/A,N/A,7200,2500
105,8/16/2023 10:09,23,8,16,10,9,109,4.6,42,8887.171,2741.551,27,N/A,N/A,N/A,N/A,8900,2800
106,8/16/2023 10:14,23,8,16,10,14,94,4.6,42,8240.829,2653.58,27,N/A,N/A,N/A,N/A,8300,2700
107,8/16/2023 10:41,23,8,16,10,41,145,4.6,44,12857.3,3214.324,28,N/A,N/A,N/A,N/A,13000,3200
108,8/16/2023 10:46,23,8,16,10,46,144,4.6,44,11310.94,3046.246,28,N/A,N/A,N/A,N/A,11400,3100
109,8/16/2023 10:51,23,8,16,10,51,154,4.6,43,11634.11,3084.334,28,N/A,N/A,N/A,N/A,11700,3100
110,8/16/2023 10:56,23,8,16,10,56,159,4.6,43,11634.11,3084.334,28,N/A,N/A,N/A,N/A,11700,3100
111,8/24/2023 10:36,23,8,24,10,36,3,28.1,14,0,24.84389,29,0,25,37,75,N/A,N/A
112,8/24/2023 11:06,23,8,24,11,6,8,28.1,13,18.63292,37.26583,29,19,37,24,68,N/A,N/A
113,8/24/2023 11:36,23,8,24,11,36,3,28.1,13,12.42194,33.93738,29,12,34,0,50,N/A,N/A
114,8/24/2023 12:06,23,8,24,12,6,7,28.1,12,18.63292,37.26583,29,19,37,10,60,N/A,N/A
115,8/24/2023 14:39,23,8,24,14,39,12,28,12,31.08252,42.88753,30,28,43,10,60,N/A,N/A
116,8/24/2023 15:09,23,8,24,15,9,5,28.1,11,6.210972,29.98923,30,10,30,10,60,N/A,N/A
117,8/24/2023 15:39,23,8,24,15,39,12,28.1,11,12.42194,33.93738,30,9,34,36,75,N/A,N/A
118,8/24/2023 16:09,23,8,24,16,9,9,28.1,10,24.84389,40.19825,30,20,40,24,68,N/A,N/A
119,8/24/2023 18:47,23,8,24,18,47,10,28.1,8,24.84389,40.19825,31,20,40,24,68,N/A,N/A
120,8/24/2023 19:17,23,8,24,19,17,13,28.1,9,37.26583,45.28732,31,37,45,36,75,N/A,N/A
121,8/24/2023 19:47,23,8,24,19,47,12,28.1,8,55.89875,51.70358,31,56,52,10,60,N/A,N/A
122,8/24/2023 20:17,23,8,24,20,17,16,28,9,43.51552,47.59885,31,40,48,24,68,N/A,N/A
123,8/24/2023 23:01,23,8,24,23,1,10,28.1,9,43.4768,47.55651,32,43,48,10,60,N/A,N/A
124,8/24/2023 23:31,23,8,24,23,31,12,28.1,9,37.26583,45.28732,32,34,45,0,50,N/A,N/A
125,8/25/2023 0:01,23,8,25,0,1,17,28,9,49.73203,49.73203,32,50,50,10,60,N/A,N/A
126,8/25/2023 0:31,23,8,25,0,31,17,28.1,8,37.26583,45.28732,32,37,45,0,50,N/A,N/A
127,8/25/2023 2:42,23,8,25,2,42,2,28.1,9,0,24.84389,33,0,25,0,50,N/A,N/A
128,8/25/2023 3:12,23,8,25,3,12,4,28.1,8,18.63292,37.26583,33,19,37,10,60,N/A,N/A
129,8/25/2023 3:43,23,8,25,3,43,8,28.1,7,37.26583,45.28732,33,37,45,0,50,N/A,N/A
130,8/25/2023 4:13,23,8,25,4,13,11,28.1,7,24.84389,42.84937,33,28,43,10,60,N/A,N/A
131,8/25/2023 6:44,23,8,25,6,44,5,28.1,9,18.63292,37.26583,34,19,37,10,60,N/A,N/A
132,8/25/2023 7:14,23,8,25,7,14,10,28.1,8,18.63292,42.84937,34,18,43,24,68,N/A,N/A
133,8/25/2023 7:44,23,8,25,7,44,11,28.1,8,37.26583,45.28732,34,37,45,10,60,N/A,N/A
134,8/25/2023 8:14,23,8,25,8,14,12,28.1,8,43.4768,47.55651,34,43,48,10,60,N/A,N/A
135,9/5/2023 8:32,23,9,5,8,32,1483,12.9,23,16934.96,981.8371,35,17030,990,2640,590,N/A,N/A
136,9/5/2023 8:47,23,9,5,8,47,2261,12.3,29,27134.75,1265.766,35,27300,1300,90,170,N/A,N/A
137,9/5/2023 9:02,23,9,5,9,2,2518,12.1,32,26419.36,1260.811,35,26600,1300,30,140,N/A,N/A
138,9/5/2023 9:17,23,9,5,9,17,2737,11.9,35,23221.76,1196.504,35,23300,1200,0,120,N/A,N/A
139,9/5/2023 10:30,23,9,5,10,30,1225,13,22,2848.623,423.4792,36,2850,430,230,220,N/A,N/A
140,9/5/2023 10:45,23,9,5,10,45,1166,13.1,28,4676.292,529.3927,36,4680,530,90,160,N/A,N/A
141,9/5/2023 11:00,23,9,5,11,0,965,13.2,31,3970.437,486.2564,36,3980,490,160,190,N/A,N/A
142,9/5/2023 11:15,23,9,5,11,15,907,13.3,33,3601.898,463.7487,36,3610,470,0,100,N/A,N/A
143,9/5/2023 12:07,23,9,5,12,7,100,4.6,20,189.7047,261.7537,37,170,260,110,370,N/A,N/A
144,9/5/2023 12:12,23,9,5,12,12,101,4.5,22,76.29653,208.446,37,80,210,0,310,N/A,N/A
145,9/5/2023 12:17,23,9,5,12,17,99,4.5,23,267.0378,305.1861,37,270,320,40,370,N/A,N/A
146,9/5/2023 12:22,23,9,5,12,22,76,4.6,25,303.5275,303.5275,37,300,300,0,300,N/A,N/A
147,9/5/2023 12:56,23,9,5,12,56,44,4.6,18,225.1978,273.6718,38,230,280,0,300,N/A,N/A
148,9/5/2023 13:01,23,9,5,13,1,30,4.6,20,75.06593,205.084,38,80,210,0,300,N/A,N/A
149,9/5/2023 13:06,23,9,5,13,6,46,4.6,21,264.151,288.9379,38,240,290,0,300,N/A,N/A
150,9/5/2023 13:11,23,9,5,13,11,33,4.6,23,262.7308,287.3845,38,270,290,200,460,N/A,N/A
151,9/5/2023 14:04,23,9,5,14,4,18,4.6,16,37.33226,203.9872,39,50,210,0,300,N/A,N/A
152,9/5/2023 14:09,23,9,5,14,9,12,4.6,18,37.33226,180.2561,39,40,180,0,300,N/A,N/A
153,9/5/2023 14:14,23,9,5,14,14,20,4.6,20,150.1319,242.9185,39,130,250,0,300,N/A,N/A
154,9/5/2023 14:19,23,9,5,14,19,11,4.6,21,149.3291,241.6195,39,150,250,0,300,N/A,N/A
155,11/28/2023 10:23,23,11,28,10,23,5,28.1,6,24.84389,40.19825,40,20,40,10,60,N/A,N/A
156,11/28/2023 10:53,23,11,28,10,53,15,28.1,5,43.4768,47.55651,40,44,48,62,86,N/A,N/A
157,11/28/2023 11:23,23,11,28,11,23,13,28.1,4,55.89875,51.70358,40,56,52,0,50,N/A,N/A
158,11/28/2023 11:53,23,11,28,11,53,18,28,4,68.38153,55.5022,40,69,56,0,50,N/A,N/A
159,11/29/2023 11:00,23,11,29,11,0,1,28.1,9,0,24.8218,41,0,25,10,60,N/A,N/A
160,11/29/2023 11:30,23,11,29,11,30,2,28.1,8,0,24.84389,41,0,25,0,50,N/A,N/A
161,11/29/2023 12:00,23,11,29,12,0,3,28.1,7,6.210972,29.98923,41,10,30,10,60,N/A,N/A
162,11/29/2023 12:30,23,11,29,12,30,10,28.1,6,24.84389,40.19825,41,20,40,24,68,N/A,N/A
163,11/29/2023 13:26,23,11,29,13,26,3,23.4,5,7.450515,35.97426,42,7,36,0,60,N/A,N/A
164,11/29/2023 13:51,23,11,29,13,51,6,23.4,5,14.90103,40.71037,42,15,41,0,60,N/A,N/A
165,11/29/2023 14:16,23,11,29,14,16,5,23.4,5,14.90103,40.71037,42,15,41,14,72,N/A,N/A
166,11/29/2023 14:41,23,11,29,14,41,8,23.4,4,44.70308,54.32543,42,41,54,15,72,N/A,N/A
167,1/8/2024 10:19,24,1,8,10,19,3,28.1,4,12.42194,33.93738,43,12,34,10,60,N/A,N/A
168,1/8/2024 10:49,24,1,8,10,49,4,28,4,12.43301,33.9676,43,12,34,0,50,N/A,N/A
169,1/8/2024 11:19,24,1,8,11,19,0,28.1,3,0,24.84389,43,0,25,0,50,N/A,N/A
170,1/8/2024 11:49,24,1,8,11,49,9,28.1,3,12.42194,33.93738,43,12,34,0,50,N/A,N/A
171,1/8/2024 13:07,24,1,8,13,7,2,28.1,2,6.210972,29.98923,44,10,30,10,60,N/A,N/A
172,1/8/2024 13:37,24,1,8,13,37,6,28.1,1,0,24.84389,44,0,25,24,68,N/A,N/A
173,1/8/2024 14:07,24,1,8,14,7,5,28.1,1,6.210972,29.98923,44,10,30,24,68,N/A,N/A
174,1/8/2024 14:37,24,1,8,14,37,4,28.1,0,18.63292,37.26583,44,19,37,10,60,N/A,N/A
175,1/10/2024 9:24,24,1,10,9,24,0,4.7,7,0,148.5347,45,0,150,0,300,N/A,N/A
176,1/10/2024 9:29,24,1,10,9,29,0,4.6,9,0,149.3291,45,0,150,0,300,N/A,N/A
177,1/10/2024 9:34,24,1,10,9,34,0,4.6,10,0,149.3291,45,0,150,0,300,N/A,N/A
178,1/10/2024 9:39,24,1,10,9,39,0,4.6,11,0,149.3291,45,0,150,0,300,N/A,N/A
179,1/10/2024 10:36,24,1,10,10,36,0,4.7,7,0,148.5347,46,0,150,0,300,N/A,N/A
180,1/10/2024 10:41,24,1,10,10,41,0,4.6,9,0,149.3291,46,0,150,0,300,N/A,N/A
181,1/10/2024 10:46,24,1,10,10,46,0,4.6,10,0,149.3291,46,0,150,0,300,N/A,N/A
182,1/10/2024 10:51,24,1,10,10,51,0,4.6,11,0,149.3291,46,0,150,0,300,N/A,N/A
183,1/10/2024 12:02,24,1,10,12,2,2,28.1,45,6.210972,29.98923,47,10,30,0,50,N/A,N/A
184,1/10/2024 12:32,24,1,10,12,32,2,28.1,46,6.210972,29.98923,47,10,30,10,60,N/A,N/A
185,1/10/2024 13:02,24,1,10,13,2,5,28.1,46,6.210972,29.98923,47,10,30,0,50,N/A,N/A
186,1/10/2024 13:32,24,1,10,13,32,1,28.1,51,6.210972,29.98923,47,10,30,0,50,N/A,N/A
187,1/10/2024 14:56,24,1,10,14,56,28,4.6,10,1045.303,476.7452,48,1060,480,0,300,N/A,N/A
188,1/10/2024 15:01,24,1,10,15,1,45,4.6,12,1388.72,537.8035,48,1400,540,0,300,N/A,N/A
189,1/10/2024 15:06,24,1,10,15,6,44,4.6,13,1388.72,537.8035,48,1400,540,0,300,N/A,N/A
190,1/10/2024 15:11,24,1,10,15,11,28,4.6,14,900.7913,450.3957,48,910,460,0,300,N/A,N/A
191,1/11/2024 9:30,24,1,11,9,30,9,28.1,6,12.42194,33.93738,49,9,34,24,68,N/A,N/A
192,1/11/2024 10:00,24,1,11,10,0,9,28.1,6,6.210972,29.98923,49,10,30,0,50,N/A,N/A
193,1/11/2024 10:30,24,1,11,10,30,6,28.1,5,12.42194,33.93738,49,12,34,0,50,N/A,N/A
194,1/11/2024 11:00,24,1,11,11,0,5,28.1,5,0,24.84389,49,0,25,0,50,N/A,N/A
195,1/11/2024 12:12,24,1,11,12,12,7,28.1,4,6.210972,29.98923,50,10,30,10,60,N/A,N/A
196,1/11/2024 12:42,24,1,11,12,42,3,28.1,4,6.210972,29.98923,50,10,30,0,50,N/A,N/A
197,1/11/2024 13:12,24,1,11,13,12,4,28.1,4,18.63292,37.26583,50,19,37,10,60,N/A,N/A
198,1/11/2024 13:42,24,1,11,13,42,5,28.1,4,18.63292,37.26583,50,19,37,0,50,N/A,N/A
199,1/11/2024 15:02,24,1,11,15,2,4,4.7,4,111.4011,222.8021,51,110,220,0,300,N/A,N/A
200,1/11/2024 15:07,24,1,11,15,7,1,4.6,5,37.33226,180.2561,51,40,180,0,300,N/A,N/A
201,1/11/2024 15:12,24,1,11,15,12,0,4.6,5,0,149.3291,51,0,150,0,300,N/A,N/A
202,1/11/2024 15:17,24,1,11,15,17,2,4.6,5,74.66453,203.9872,51,80,210,0,300,N/A,N/A
203,1/12/2024 11:40,24,1,12,11,40,106,4.6,8,3735.849,830.1887,52,3760,830,0,300,N/A,N/A
204,1/12/2024 11:45,24,1,12,11,45,133,4.5,9,4425.199,901.5694,52,4500,920,0,310,N/A,N/A
205,1/12/2024 11:50,24,1,12,11,50,129,4.5,10,4348.903,894.4856,52,4400,910,0,310,N/A,N/A
206,1/12/2024 11:55,24,1,12,11,55,113,4.6,10,3452.625,803.7151,52,3500,800,0,300,N/A,N/A
207,2/8/2024 14:47,24,2,8,14,47,2,4.7,15,0,636.0257,53,N/A,N/A,N/A,N/A,0,640
208,2/8/2024 14:52,24,2,8,14,52,0,4.6,15,0,639.427,53,N/A,N/A,N/A,N/A,0,650
209,2/8/2024 14:57,24,2,8,14,57,1,4.6,16,0,639.427,53,N/A,N/A,N/A,N/A,0,650
210,2/8/2024 15:02,24,2,8,15,2,0,4.6,16,0,639.427,53,N/A,N/A,N/A,N/A,0,650
211,2/8/2024 15:23,24,2,8,15,23,3,4.7,13,318.0129,868.8273,54,N/A,N/A,N/A,N/A,320,870
212,2/8/2024 15:28,24,2,8,15,28,3,4.6,14,159.8567,771.8566,54,N/A,N/A,N/A,N/A,160,780
213,2/8/2024 15:33,24,2,8,15,33,6,4.6,14,159.8567,771.8566,54,N/A,N/A,N/A,N/A,160,780
214,2/8/2024 15:38,24,2,8,15,38,6,4.6,15,0,639.427,54,N/A,N/A,N/A,N/A,0,650
215,2/8/2024 16:11,24,2,8,16,11,7,4.7,12,159.0064,767.7509,55,N/A,N/A,N/A,N/A,160,770
216,2/8/2024 16:16,24,2,8,16,16,2,4.6,13,0,639.427,55,N/A,N/A,N/A,N/A,0,650
217,2/8/2024 16:21,24,2,8,16,21,2,4.6,13,0,639.427,55,N/A,N/A,N/A,N/A,0,650
218,2/8/2024 16:26,24,2,8,16,26,6,4.6,14,159.8567,771.8566,55,N/A,N/A,N/A,N/A,160,780
219,2/8/2024 16:43,24,2,8,16,43,8,4.7,11,0,636.0257,56,N/A,N/A,N/A,N/A,0,640
220,2/8/2024 16:48,24,2,8,16,48,11,4.6,12,479.5702,959.1403,56,N/A,N/A,N/A,N/A,490,970
221,2/8/2024 16:53,24,2,8,16,53,5,4.6,12,159.8567,771.8566,56,N/A,N/A,N/A,N/A,160,780
222,2/8/2024 16:58,24,2,8,16,58,9,4.6,13,0,639.427,56,N/A,N/A,N/A,N/A,0,650
223,2/8/2024 17:16,24,2,8,17,16,5,4.7,11,0,636.0257,57,N/A,N/A,N/A,N/A,0,640
224,2/8/2024 17:21,24,2,8,17,21,8,4.6,11,0,639.427,57,N/A,N/A,N/A,N/A,0,650
225,2/8/2024 17:26,24,2,8,17,26,10,4.6,12,159.8567,771.8566,57,N/A,N/A,N/A,N/A,160,780
226,2/8/2024 17:31,24,2,8,17,31,10,4.6,12,319.7135,873.4733,57,N/A,N/A,N/A,N/A,320,890
227,2/8/2024 17:57,24,2,8,17,57,6,4.7,10,0,636.0257,58,N/A,N/A,N/A,N/A,0,640
228,2/8/2024 18:02,24,2,8,18,2,8,4.6,11,0,639.427,58,N/A,N/A,N/A,N/A,0,650
229,2/8/2024 18:07,24,2,8,18,7,5,4.6,11,0,639.427,58,N/A,N/A,N/A,N/A,0,650
230,2/8/2024 18:12,24,2,8,18,12,9,4.6,12,159.8567,771.8566,58,N/A,N/A,N/A,N/A,160,780
231,2/8/2024 18:33,24,2,8,18,33,8,4.7,10,318.0129,868.8273,59,N/A,N/A,N/A,N/A,320,870
232,2/8/2024 18:38,24,2,8,18,38,3,4.6,11,0,639.427,59,N/A,N/A,N/A,N/A,0,650
233,2/8/2024 18:43,24,2,8,18,43,10,4.6,11,159.8567,771.8566,59,N/A,N/A,N/A,N/A,160,780
234,2/8/2024 18:48,24,2,8,18,48,10,4.6,11,0,639.427,59,N/A,N/A,N/A,N/A,0,650
235,2/8/2024 19:05,24,2,8,19,5,12,4.6,10,479.5702,959.1403,60,N/A,N/A,N/A,N/A,490,970
236,2/8/2024 19:10,24,2,8,19,10,10,4.6,10,319.7135,873.4733,60,N/A,N/A,N/A,N/A,320,890
237,2/8/2024 19:15,24,2,8,19,15,11,4.6,11,159.8567,771.8566,60,N/A,N/A,N/A,N/A,160,780
238,2/8/2024 19:20,24,2,8,19,20,12,4.6,11,479.5702,959.1403,60,N/A,N/A,N/A,N/A,490,970
239,2/9/2024 11:09,24,2,9,11,9,137,4.6,16,19022.95,3821.999,61,N/A,N/A,N/A,N/A,19300,3900
240,2/9/2024 11:14,24,2,9,11,14,176,4.6,17,25553.88,4387.266,61,N/A,N/A,N/A,N/A,25800,4400
241,2/9/2024 11:19,24,2,9,11,19,191,4.6,18,26357.46,4462.799,61,N/A,N/A,N/A,N/A,26700,4500
242,2/9/2024 11:24,24,2,9,11,24,188,4.6,19,24107.43,4271.26,61,N/A,N/A,N/A,N/A,24400,4300
243,2/9/2024 11:40,24,2,9,11,40,348,4.6,18,44274.26,5682.335,62,N/A,N/A,N/A,N/A,44500,5700
244,2/9/2024 11:45,24,2,9,11,45,425,4.6,18,50850.95,6082.632,62,N/A,N/A,N/A,N/A,50800,6100
245,2/9/2024 11:50,24,2,9,11,50,444,4.6,19,53612.83,6236.441,62,N/A,N/A,N/A,N/A,53600,6200
246,2/9/2024 11:55,24,2,9,11,55,474,4.6,19,52962.98,6209.588,62,N/A,N/A,N/A,N/A,53000,6200
247,2/9/2024 12:14,24,2,9,12,14,417,4.6,16,36229.27,5187.976,63,N/A,N/A,N/A,N/A,36200,5200
248,2/9/2024 12:19,24,2,9,12,19,441,4.6,17,37204.05,5263.377,63,N/A,N/A,N/A,N/A,37200,5300
249,2/9/2024 12:24,24,2,9,12,24,445,4.6,18,38178.83,5316.537,63,N/A,N/A,N/A,N/A,38100,5300
250,2/9/2024 12:29,24,2,9,12,29,527,4.5,18,46881.7,5880.632,63,N/A,N/A,N/A,N/A,48000,6000
251,2/15/2024 12:13,24,2,15,12,13,0,4.7,15,0,636.0257,64,N/A,N/A,N/A,N/A,0,640
252,2/15/2024 12:18,24,2,15,12,18,3,4.7,16,159.0064,767.7509,64,N/A,N/A,N/A,N/A,160,770
253,2/15/2024 12:23,24,2,15,12,23,2,4.7,17,0,636.0257,64,N/A,N/A,N/A,N/A,0,640
254,2/15/2024 12:28,24,2,15,12,28,4,4.6,18,0,639.427,64,N/A,N/A,N/A,N/A,0,650
255,2/15/2024 12:52,24,2,15,12,52,2,4.7,16,159.0064,767.7509,65,N/A,N/A,N/A,N/A,160,770
256,2/15/2024 12:57,24,2,15,12,57,1,4.7,17,159.0064,767.7509,65,N/A,N/A,N/A,N/A,160,770
257,2/15/2024 13:02,24,2,15,13,2,3,4.6,18,0,639.427,65,N/A,N/A,N/A,N/A,0,650
258,2/15/2024 13:07,24,2,15,13,7,3,4.6,19,0,639.427,65,N/A,N/A,N/A,N/A,0,650
259,2/15/2024 13:35,24,2,15,13,35,10,4.7,19,318.0129,868.8273,66,N/A,N/A,N/A,N/A,320,870
260,2/15/2024 13:40,24,2,15,13,40,9,4.6,19,319.7135,873.4733,66,N/A,N/A,N/A,N/A,320,890
261,2/15/2024 13:45,24,2,15,13,45,6,4.6,20,159.8567,771.8566,66,N/A,N/A,N/A,N/A,160,780
262,2/15/2024 13:50,24,2,15,13,50,6,4.6,20,0,639.427,66,N/A,N/A,N/A,N/A,0,650
263,2/15/2024 15:08,24,2,15,15,8,5,4.7,18,0,636.0257,67,N/A,N/A,N/A,N/A,0,640
264,2/15/2024 15:13,24,2,15,15,13,4,4.6,19,319.7135,873.4733,67,N/A,N/A,N/A,N/A,320,890
265,2/15/2024 15:18,24,2,15,15,18,4,4.6,20,0,639.427,67,N/A,N/A,N/A,N/A,0,650
266,2/15/2024 15:23,24,2,15,15,23,9,4.6,20,0,639.427,67,N/A,N/A,N/A,N/A,0,650
267,2/15/2024 15:39,24,2,15,15,39,5,4.7,19,159.0064,767.7509,68,N/A,N/A,N/A,N/A,160,770
268,2/15/2024 15:44,24,2,15,15,44,8,4.6,19,319.7135,873.4733,68,N/A,N/A,N/A,N/A,320,890
269,2/15/2024 15:49,24,2,15,15,49,8,4.6,20,319.7135,873.4733,68,N/A,N/A,N/A,N/A,320,890
270,2/15/2024 15:54,24,2,15,15,54,9,4.6,20,479.5702,959.1403,68,N/A,N/A,N/A,N/A,490,970
271,2/15/2024 16:11,24,2,15,16,11,11,4.7,20,318.0129,868.8273,69,N/A,N/A,N/A,N/A,320,870
272,2/15/2024 16:16,24,2,15,16,16,13,4.6,20,479.5702,959.1403,69,N/A,N/A,N/A,N/A,490,970
273,2/15/2024 16:21,24,2,15,16,21,11,4.6,20,639.427,1034.615,69,N/A,N/A,N/A,N/A,700,1100
274,2/15/2024 16:26,24,2,15,16,26,13,4.6,20,319.7135,873.4733,69,N/A,N/A,N/A,N/A,330,890
275,2/16/2024 7:23,24,2,16,7,23,236,4.6,19,34071.83,5012.583,70,N/A,N/A,N/A,N/A,34400,5100
276,2/16/2024 7:28,24,2,16,7,28,278,4.6,21,37972.45,5287.798,70,N/A,N/A,N/A,N/A,38200,5300
277,2/16/2024 7:33,24,2,16,7,33,284,4.6,21,38134.03,5298.306,70,N/A,N/A,N/A,N/A,38300,5300
278,2/16/2024 7:38,24,2,16,7,38,326,4.6,22,42012.07,5544.137,70,N/A,N/A,N/A,N/A,42300,5600
279,2/16/2024 7:56,24,2,16,7,56,559,4.5,20,69260.78,7061.832,71,N/A,N/A,N/A,N/A,70400,7200
280,2/16/2024 8:01,24,2,16,8,1,543,4.5,21,63870.19,6795.066,71,N/A,N/A,N/A,N/A,64800,6900
281,2/16/2024 8:06,24,2,16,8,6,552,4.5,21,66157.12,6917.663,71,N/A,N/A,N/A,N/A,67000,7000
282,2/16/2024 8:11,24,2,16,8,11,641,4.5,22,72201.09,7210.735,71,N/A,N/A,N/A,N/A,73400,7300
283,2/16/2024 8:52,24,2,16,8,52,529,4.6,16,42077.94,5574.268,72,N/A,N/A,N/A,N/A,42100,5600
284,2/16/2024 8:57,24,2,16,8,57,529,4.5,17,41981.17,5584.469,72,N/A,N/A,N/A,N/A,42800,5700
285,2/16/2024 9:02,24,2,16,9,2,529,4.5,18,44758.14,5744.437,72,N/A,N/A,N/A,N/A,45500,5800
286,2/16/2024 9:07,24,2,16,9,7,498,4.6,19,40778.23,5493.193,72,N/A,N/A,N/A,N/A,40800,5500
287,2/16/2024 9:27,24,2,16,9,27,683,4.5,15,63053.43,6753.682,73,N/A,N/A,N/A,N/A,64100,6900
288,2/16/2024 9:32,24,2,16,9,32,729,4.5,16,72433.57,7242.555,73,N/A,N/A,N/A,N/A,73200,7300
289,2/16/2024 9:37,24,2,16,9,37,766,4.5,17,73583.29,7312.435,73,N/A,N/A,N/A,N/A,74500,7400
290,2/16/2024 9:42,24,2,16,9,42,763,4.5,17,70134.07,7140.35,73,N/A,N/A,N/A,N/A,70800,7200
291,2/16/2024 9:59,24,2,16,9,59,900,4.5,14,84724.96,7840.82,74,N/A,N/A,N/A,N/A,85000,7900
292,2/16/2024 10:04,24,2,16,10,4,959,4.5,15,91838.57,8164.05,74,N/A,N/A,N/A,N/A,91900,8200
293,2/16/2024 10:09,24,2,16,10,9,963,4.5,16,87686.73,7978.738,74,N/A,N/A,N/A,N/A,88000,8000
294,2/16/2024 10:14,24,2,16,10,14,940,4.5,16,87686.73,7985.95,74,N/A,N/A,N/A,N/A,88000,8000
295,2/16/2024 10:30,24,2,16,10,30,1079,4.4,13,96693.66,8377.843,75,N/A,N/A,N/A,N/A,98400,8500
296,2/16/2024 10:35,24,2,16,10,35,1057,4.4,14,101703.7,8583.251,75,N/A,N/A,N/A,N/A,103300,8700
297,2/16/2024 10:40,24,2,16,10,40,1166,4.4,15,102705.7,8643.882,75,N/A,N/A,N/A,N/A,104300,8800
298,2/16/2024 10:45,24,2,16,10,45,1142,4.4,15,101703.7,8590.01,75,N/A,N/A,N/A,N/A,103400,8700
