"","IDs","H2S_mean","H2S_sd","H2S_cv","H2S_flag","Dilution","H2S_cv_flag"
"1","Spike SW-T88",2.20364531502635,0.519878771245988,23.5917625990448,"Within_Range",1,"High CV"
"2","SW-T82",3.06140152562661,0.346585847497326,11.3211496301971,"Within_Range",1,"High CV"
"3","Spike SW-T80",2.40787298421689,1.03975754249198,43.1815776541111,"Within_Range",1,"High CV"
"4","SW-T85",51.2591314545935,4.85220186496255,9.46602434975071,"Within_Range",1,"within range"
"5","SW-T86",18.4601677825932,1.55963631373797,8.44865730423431,"Within_Range",1,"within range"
"6","Dup SW-T75",0,0,0,"bdl",1,"within range"
"7","Dup SW-T81",0,0,0,"bdl",1,"within range"
"8","GCW-EST DOCK",0,0,0,"bdl",1,"within range"
"9","GCW-EST DOCK2",0,0,0,"bdl",1,"within range"
"10","GCW-SW Time 1200",0,0,0,"bdl",1,"within range"
"11","Inc-T11_2",0,NA,0,"bdl",1,"within range"
"12","SW-T11_2",0,0,0,"bdl",1,"within range"
"13","SW-T71",0,0,0,"bdl",1,"within range"
"14","SW-T75",0,0,0,"bdl",1,"within range"
"15","SW-T76",0,0,0,"bdl",1,"within range"
"16","SW-T80",0,0,0,"bdl",1,"within range"
"17","SW-T81",0,0,0,"bdl",1,"within range"
"18","SW-T87",0,0,0,"bdl",1,"within range"
"19","SW-T88",0,0,0,"bdl",1,"within range"
"20","SW-T90",0,0,0,"bdl",1,"within range"
"21","SW-T93",0,0,0,"bdl",1,"within range"
