"","IDs","H2S_info"
"1","CBSYN-WC","Within_Range"
"2","CBSYN-WC","Within_Range"
"3","CBSYN-WC","Within_Range"
"4","Inc-T11_3","bdl"
"5","Inc-T11_3","bdl"
"6","Inc-T11_3","bdl"
"7","Inc-T5_3","bdl"
"8","Inc-T5_3","bdl"
"9","Inc-T5_3","bdl"
"10","GW-3","Within_Range"
"11","GW-3","Within_Range"
"12","GW-3","Within_Range"
"13","Inc-T8_1","bdl"
"14","Inc-T8_1","bdl"
"15","Inc-T8_1","bdl"
"16","GW-4","Within_Range"
"17","GW-4","Within_Range"
"18","GW-4","Within_Range"
"19","Dup Inc-T11_3","bdl"
"20","Dup Inc-T11_3","bdl"
"21","Dup Inc-T11_3","bdl"
"22","CBSYN-WC2","Within_Range"
"23","CBSYN-WC2","Within_Range"
"24","CBSYN-WC2","Within_Range"
"25","Spike CBSYN-WC","Within_Range"
"26","Spike CBSYN-WC","Within_Range"
"27","Spike CBSYN-WC","Within_Range"
"28","Inc-T8_3","bdl"
"29","Inc-T8_3","bdl"
"30","Inc-T8_3","bdl"
"31","Inc-T8_2","bdl"
"32","Inc-T8_2","bdl"
"33","Inc-T8_2","bdl"
"34","Spike Inc-T8_2","Within_Range"
"35","Spike Inc-T8_2","Within_Range"
"36","Spike Inc-T8_2","Within_Range"
"37","Inc-T2_3","bdl"
"38","Inc-T2_3","bdl"
"39","Inc-T2_3","bdl"
"40","Inc-T11_1","bdl"
"41","Inc-T11_1","bdl"
"42","Inc-T11_1","bdl"
"43","Inc-T5_2","bdl"
"44","Inc-T5_2","bdl"
"45","Inc-T5_2","bdl"
"46","Inc-T5_1","bdl"
"47","Inc-T5_1","bdl"
"48","Inc-T5_1","bdl"
"49","Dup Inc-T8_1","bdl"
"50","Dup Inc-T8_1","bdl"
"51","Dup Inc-T8_1","bdl"
"52","Inc-T2_2","bdl"
"53","Inc-T2_2","bdl"
"54","Inc-T2_2","bdl"
"55","Inc-T2_1","bdl"
"56","Inc-T2_1","bdl"
"57","Inc-T2_1","bdl"
