"","Project","Date","Time","Sample_Location","npoc_mgL","npoc_uM","npoc_flag","tdn_mgL","tdn_uM","tdn_flag","Sampler","Analysis_runtime","Run_notes","YSI_Temp_C","YSI_Sal_ppt","Field_Notes"
"1","FATE",2025-03-27,"16:05","Dock",5.042,419.781866622263,"",0.08491,6.06209885269193,"TN dups out of range","S. Wilson","9/18/2025 10:57:13 AM","TN duplicates were out of range, accepting because checks and other QA all fine.",NA,10.17,"YSI measurements from bucket also recorded on scanned data sheet"
"2","FATE",2025-03-27,"14:31","Flume",6.72,559.487136791275,"",0.3517,25.1094119242934,"TN dups out of range","S. Wilson","9/18/2025 11:31:08 AM","TN duplicates were out of range, accepting because checks and other QA all fine.",NA,7.16,"Flow rate @ ~0.5 Lpm, downloaded RAD7 flume data"
"3","FATE",2025-04-03,"13:00","Dock",5.011,417.200899175756,"",0.1599,11.4159652166463,"TN dups out of range","S. Wilson, A. Reynolds","9/18/2025 12:04:30 PM","TN duplicates were out of range, accepting because checks and other QA all fine.",14.2,10.19,""
"4","FATE",2025-04-03,"14:43","Flume",6.392,532.178836066939,"",0.2497,17.8271827054195,"TN dups out of range","S. Wilson, A. Reynolds","9/18/2025 12:36:56 PM","TN duplicates were out of range, accepting because checks and other QA all fine.",16,9.61,""
"5","FATE",2025-04-14,"13:35","Dock",5.172,430.605278494713,"",0.2003,14.3002991425532,"TN dups out of range","A. Reynolds","9/18/2025 1:09:31 PM","TN duplicates were out of range, accepting because checks and other QA all fine.",13.6,8.74,""
"6","FATE",2025-04-14,"14:40","Flume",6.462,538.006827075181,"",0.2037,14.5430401165157,"TN dups out of range","A. Reynolds","9/18/2025 1:41:44 PM","TN duplicates were out of range, accepting because checks and other QA all fine.",NA,6.31,""
"7","FATE",2025-04-24,"16:37","Dock",5.121,426.359170760137,"",0.1946,13.8933510391455,"TN dups out of range","A. Reynolds","9/18/2025 2:14:08 PM","TN duplicates were out of range, accepting because checks and other QA all fine.",21.2,10.05,""
"8","FATE",2025-04-24,"14:46","Flume",5.972,497.210890017484,"",0.1728,12.3369530296215,"TN dups out of range","A. Reynolds","9/18/2025 2:47:42 PM","TN duplicates were out of range, accepting because checks and other QA all fine.",NA,9.58,""
"9","FATE",2025-04-30,"15:00","Dock",6.027,501.790025809674,"",0.2856,20.3902418128467,"TN dups out of range","A. Reynolds","9/18/2025 3:20:44 PM","TN duplicates were out of range, accepting because checks and other QA all fine.",NA,8.98,""
"10","FATE",2025-04-30,"12:00","Flume",7.989,665.14028806927,"",0.4054,28.9432914248181,"TN dups out of range","A. Reynolds","9/18/2025 3:54:35 PM","TN duplicates were out of range, accepting because checks and other QA all fine.",NA,9.33,""
"11","FATE",2025-05-09,"14:49","Dock",5.804,483.223711597702,"",0.247,17.6344178143317,"TN dups out of range","A. Reynolds","9/18/2025 6:37:14 PM","TN duplicates were out of range, accepting because checks and other QA all fine.",20.5,10.54,""
"12","FATE",2025-05-29,"15:53","Dock",5.613,467.321621846641,"",0.08988,6.41692904110176,"TN dups out of range","A. Reynolds","9/18/2025 7:11:18 PM","TN duplicates were out of range, accepting because checks and other QA all fine.",18.2,6.58,""
"13","FATE",2025-05-29,"14:02","Flume",9.861,820.997419032553,"",0.472,33.6981587383181,"TN dups out of range","A. Reynolds","9/18/2025 7:46:52 PM","TN duplicates were out of range, accepting because checks and other QA all fine.",17.2,4.62,"Scout/LGR not running"
"14","FATE",2025-06-05,"12:59","Dock",5.284,439.930064107901,"",0.2056,14.6786894843182,"TN dups out of range","A. Reynolds","9/18/2025 8:20:24 PM","TN duplicates were out of range, accepting because checks and other QA all fine.",23.1,7.22,"Licor system"
"15","FATE",2025-06-05,"11:15","Flume",6.486,540.004995420864,"",0.185,13.2079647597221,"TN dups out of range","A. Reynolds","9/18/2025 8:54:31 PM","TN duplicates were out of range, accepting because checks and other QA all fine.",19.6,6.36,"System still off at flume"
"16","FATE",2025-06-12,"12:34","Dock",7.118,592.623428523853,"",0.3056,21.8181298949788,"TN dups out of range","A. Reynolds","9/18/2025 9:27:59 PM","TN duplicates were out of range, accepting because checks and other QA all fine.",25.4,7.8,""
"17","FATE",2025-06-12,"10:54","Flume",10.18,847.556406627258,"",0.5231,37.3464127881657,"TN dups out of range","A. Reynolds","9/18/2025 10:03:44 PM","TN duplicates were out of range, accepting because checks and other QA all fine.",22.1,6.44,"System offline flume"
"18","FATE",2025-06-27,"15:19","Dock",6.459,537.757056031971,"",0.273,19.4906723211035,"TN dups out of range","A. Reynolds","9/18/2025 10:38:57 PM","TN duplicates were out of range, accepting because checks and other QA all fine.",26.7,6.82,""
"19","FATE",2025-06-27,"12:10","Flume",10.98,914.162018150029,"",0.4699,33.5482304896942,"TN dups out of range","A. Reynolds","9/18/2025 11:08:45 PM","TN duplicates were out of range, accepting because checks and other QA all fine.",23.4,5.57,"LGR/CO2 scout not deployed"
"20","FATE",2025-07-16,"15:30","Dock",7.653,637.165931229706,"",0.2458,17.5487445294038,"TN dups out of range","A. Reynolds","9/18/2025 11:45:28 PM","TN duplicates were out of range, accepting because checks and other QA all fine.",29.3,6.88,"MACAN Demo sampling w/ canister filter 0.45"
"21","FATE",2025-07-16,"15:00","Flume",15.34,1277.16260094913,"",0.5662,40.4235116051604,"TN dups out of range","S. Wilson","9/19/2025 2:41:53 AM","TN duplicates were out of range, accepting because checks and other QA all fine.",NA,NA,"Also collected for MACAN"
"22","FATE",2025-07-24,"13:12","Dock",7.347,611.689284822246,"",0.2692,19.2193735854984,"TN dups out of range","A. Reynolds","9/19/2025 3:18:33 AM","TN duplicates were out of range, accepting because checks and other QA all fine.",28.4,7.13,""
"23","FATE",2025-07-24,"11:28","Flume",11.77,979.935059528765,"",0.3881,27.7081682337738,"TN dups out of range","A. Reynolds","9/19/2025 3:55:24 AM","TN duplicates were out of range, accepting because checks and other QA all fine.",24.2,6.29,""
"24","FATE",2025-08-13,"12:18","Dock",6.969,580.218133377737,"",0.1894,13.5221001377912,"TN dups out of range","A. Reynolds","9/19/2025 4:31:58 AM","TN duplicates were out of range, accepting because checks and other QA all fine.",27,7.58,"No Licor"
"25","FATE",2025-08-13,"11:03","Flume",9.442,786.112729997502,"",0.363,25.916168690698,"TN dups out of range","A. Reynolds","9/19/2025 5:08:26 AM","TN duplicates were out of range, accepting because checks and other QA all fine.",24.3,7.19,"No LGR"
"26","FATE",2025-08-29,"15:38","Dock",6.013,500.624427608026,"",0.2632,18.7910071608587,"TN dups out of range","A. Reynolds","9/19/2025 5:43:32 AM","TN duplicates were out of range, accepting because checks and other QA all fine.",NA,NA,"No Licor, YSI needs batteries, use exo sonde for data @ dock"
"27","FATE",2025-08-29,"13:54","Flume",10.48,872.533510948297,"",0.5258,37.5391776792535,"TN dups out of range","A. Reynolds","9/19/2025 6:21:05 AM","TN duplicates were out of range, accepting because checks and other QA all fine.",NA,NA,"No LGR, YSI needs batteries, use exo sonde for data for flume"
"28","FATE",2025-09-05,"12:55","Dock",5.775,480.809258180002,"",0.2603,18.5839633889496,"TN dups out of range","A. Reynolds","9/19/2025 6:57:09 AM","TN duplicates were out of range, accepting because checks and other QA all fine.",23.2,11.34,""
"29","FATE",2025-09-05,"11:39","Flume",9.693,807.010240612772,"",0.3767,26.8942720269585,"TN dups out of range","A. Reynolds","9/19/2025 7:32:35 AM","TN duplicates were out of range, accepting because checks and other QA all fine.",18.6,10.52,""
"30","FATE",2025-09-12,"15:36","Dock",6.09,507.035217717093,"",0.288,20.5615883827026,"TN dups out of range","A. Reynolds","9/19/2025 8:01:45 AM","TN duplicates were out of range, accepting because checks and other QA all fine.",22.7,11.97,"No CO2 scout running"
"31","FATE",2025-09-12,"13:56","Flume",11.07,921.655149446341,"",0.6629,47.3273504822692,"TN dups out of range","A. Reynolds","9/19/2025 9:44:09 AM","TN duplicates were out of range, accepting because checks and other QA all fine.",20.3,9.78,"Ebb tide, near(?) slack, LGR pump on but not recording CO2/CH4 yet"
